institution_id,repository_seq,repository_source_id
241749,2,4306401777
251738,2,4306402591
592451,2,4306402656
592451,6,4306400987
686019,2,4306402367
746986,1,4306401463
1351752,1,4306401342
1902872,1,4377196942
1925986,2,4377196418
2613432,1,4377196272
4068193,1,4306400719
4068193,5,4306402006
4101805,2,4377196526
4104125,1,4306400413
4141589,1,4306401299
4141589,5,4377196586
4164984,1,4306400713
4498119,1,4306402385
4577782,1,4306401948
4588055,1,4306400575
4654613,2,4306400407
5023651,1,4306401568
5518804,2,4377196827
6059380,1,4377196793
7597260,3,4306400455
7882870,1,4306400411
8078737,1,4377196397
8204097,1,4377196273
8204097,5,4377196618
8588240,1,4306401201
8692664,4,4306402630
8961855,2,4306402318
9300472,2,4306400186
9360294,2,4377196857
9360294,6,4377196869
9360294,10,4306400630
9617848,2,4306400551
9736820,1,4306401448
9927081,1,4306401664
11701301,1,4306402548
11855966,1,4306400734
11855966,5,4306400879
11874761,1,4306401214
11883440,1,4377196576
12003341,1,4306401031
12079687,3,4306400464
12093191,1,4306400267
12113309,1,4377196659
12833781,1,4306401164
15766328,1,4306400812
17626003,2,4377196359
19668297,1,4306400999
19700959,3,4377196665
19820366,2,4306400842
19880235,4,4306400324
20121455,2,4306401671
20581793,1,4377196264
20696738,1,4306401827
21104390,2,4306402534
21131202,1,4377196939
21250087,1,4306402010
21881038,1,4306401895
23923803,1,4306401998
24354313,1,4306402562
24354313,5,4377196963
24571045,1,4306402276
24603500,2,4306402057
25169866,3,4306402570
25822123,1,4306400377
26120043,1,4306400438
26437253,1,4306400130
27504731,1,4377196702
27577105,1,4306400766
27837315,2,4306400393
27912750,1,4306401752
28166907,1,4306400147
28290843,2,4306400680
29617571,2,4306401958
29894533,1,4306401536
30849647,1,4306401192
31512782,2,4306400412
32021983,1,4306402453
32132236,1,4306401504
32597200,1,4306400478
32971472,1,4306401049
33103891,1,4306400818
33213144,1,4306400471
35568498,1,4306401766
35870678,1,4377196393
35961687,4,4306400846
35961687,8,4306400961
36234482,1,4306400895
39147953,1,4306400506
39343248,1,4306400923
39422238,3,4377196946
39555362,1,4306400665
39586589,1,4306401613
39587148,1,4306401479
39854758,1,4306401981
39995536,1,4306402227
40053085,1,4306401737
40120149,2,4306400608
41156924,2,4306400531
41156924,6,4306400725
42095658,1,4306401232
42766147,1,4306401765
42934936,3,4306401511
43439940,1,4306400229
43439940,5,4306401019
43439940,9,4306402071
43439940,13,4306401053
43439940,16,4306401207
43579087,1,4377196567
44265643,1,4377196130
45129253,2,4306400024
45643870,1,4377196369
45812101,2,4306401771
45812101,6,4306402315
46305939,1,4306400400
46464968,2,4377196461
47251452,1,4377196938
47301684,1,4377196502
48057805,1,4306400135
50357001,2,4306402178
50441567,1,4306400044
51209816,2,4377196889
51361536,1,4377196775
51504820,2,4377196389
51569856,1,4306401205
51783024,1,4306400849
52179390,2,4306401979
52418104,1,4377196707
52623189,1,4306401318
52890796,1,4377196882
55060895,1,4306401244
55143463,2,4306400101
55892964,2,4377196316
56125125,1,4306400867
56327960,1,4377196969
57206974,2,4306401258
57328836,1,4306401374
57664883,1,4306401331
59270414,2,4306401429
59411706,4,4306401554
59411706,8,4306400532
59411706,12,4306400588
59411706,17,4306400018
59411706,21,4306400800
59411706,25,4306400643
59411706,29,4306400458
59433898,1,4306401473
59553526,1,4377196674
60053951,3,4306401646
60053951,7,4306401247
60060512,2,4377196476
60668342,1,4306401583
60858718,1,4306400294
62916508,4,4377196330
63072094,1,4306401774
63966007,1,4306400425
64926303,1,4306400257
65106266,1,4377196599
65285256,4,4306402237
65542365,1,4377196844
65806277,2,4306402594
65837984,1,4306401924
66514158,1,4306402578
66752286,2,4306401259
66862912,3,4377196470
67311998,1,4306400148
67311998,5,4306401389
67415387,1,4306401916
67789559,1,4377196585
68947357,1,4306400486
69094615,1,4377196729
70931966,1,4377196102
71270174,1,4377196414
71422933,1,4306401600
71431329,1,4377196905
71503853,1,4306401951
71637028,1,4306401758
71824836,1,4306401298
71999127,2,4306400663
72541430,1,4306401541
72700828,1,4306400156
72903472,1,4377196886
73417466,1,4306402411
74054363,1,4377196629
74413500,1,4306402218
74801974,1,4306402154
74897591,1,4306401380
75381157,1,4306401971
75951250,1,4306402444
76407603,1,4377196419
76835614,2,4377196800
76842071,2,4306400341
76842071,6,4306402063
76903346,2,4306400598
78037679,2,4306400066
78577930,1,4306402601
78715868,1,4377196505
78757542,3,4377196612
79189158,1,4306400312
79238269,2,4306401665
79510175,1,4306401195
79576946,4,4377196331
79619799,3,4306402357
79620101,1,4306402266
79891267,1,4306401925
80046288,1,4377196507
80180929,1,4306401267
80281795,1,4306402093
80606768,1,4306401011
80849659,1,4377196298
82509713,2,4306402234
82549287,1,4306401985
82724352,1,4306402285
82951845,1,4306402074
83467386,1,4377196680
83558840,1,4306400678
83816512,1,4377196291
84641585,1,4377196960
85686399,2,4306401931
86467917,3,4377196352
86519309,1,4306402198
88060688,2,4377196323
89864525,2,4377196776
90281761,3,4306401384
90340485,1,4377196834
90757844,1,4306401099
91123046,2,4377196885
91712215,4,4377196383
94616838,1,4306402397
96698942,1,4306400286
98251732,1,4306402139
98259816,2,4306400465
98285908,1,4306402540
98358874,2,4306402238
98435010,1,4306400131
98461037,2,4306402383
98677209,1,4306400320
99464096,2,4306401974
99682543,3,4306401240
100538780,2,4377196519
100930933,2,4306402280
102335020,1,4306401992
102373834,3,4377196462
102607778,1,4306400889
103031861,1,4377196762
103187081,1,4306402618
103531236,3,4306400046
103531236,7,4306400138
105056648,2,4306402056
106118109,1,4306400126
106157433,3,4306402348
106165777,1,4377196337
106349282,1,4306401865
107158390,1,4306401550
107949126,1,4306401508
108103353,2,4306400688
108290504,2,4306402021
108652713,1,4306401539
110026055,1,4306400114
110079840,1,4306400295
110617504,1,4377196950
110678235,1,4306401403
111329961,2,4306402174
111796040,1,4398183272
112524849,1,4306401607
112679378,1,4306402633
113686770,3,4377196641
114017466,3,4306401629
114027177,1,4306402268
114112103,1,4306401574
114202661,1,4306400250
114202661,5,4377196839
114202661,9,4377196847
114202661,13,4306401250
114203471,1,4306400522
114457229,1,4306402259
114531698,1,4377196385
115752224,1,4377196351
116067653,2,4377196780
118347636,1,4306402539
118564535,2,4377196786
118946981,1,4306401625
119003972,2,4306401486
119004910,1,4377196756
119635470,2,4306401547
119664326,1,4377196343
119896790,1,4306402126
120125038,2,4306401894
120217413,3,4377196445
121748325,1,4306400298
121820613,1,4306402635
122411786,4,4306402402
123387679,1,4306402042
123534392,1,4306400792
123946342,1,4377196524
124246371,1,4306400356
124601658,1,4306401194
126193024,1,4306400141
126350171,1,4377196468
126596746,1,4306401249
126744593,1,4306401434
126863827,1,4306400070
127251866,1,4377196879
127362389,1,4377196635
127859547,1,4377196448
127927624,1,4377196523
129604602,1,4306402414
129801699,1,4306401569
129877168,1,4306401657
129994210,1,4306401052
130343225,1,4377196260
130442723,3,4306401944
130823665,4,4306401219
131221577,2,4377196650
132053463,1,4306401063
132610948,1,4306402255
132735039,1,4306402089
133731052,2,4377196760
133837150,2,4306402508
134820265,2,4306400616
135140700,1,4306400385
135310074,2,4306402115
135369504,1,4377196613
135474949,1,4377196778
135768898,1,4377196791
136199984,1,4306401540
136199984,5,4306400876
137265193,2,4377196415
137799390,1,4306401862
138006243,1,4306400271
138689650,3,4377196283
139351228,1,4306402487
140025399,1,4306400852
140744787,2,4306402294
141596103,2,4306401073
141649380,1,4377196527
142263535,3,4306402015
142263535,7,4306402483
142444530,4,4306402036
142934699,1,4306400189
142974352,1,4306400152
145847075,1,4306400493
145872427,2,4306401067
146416000,1,4306401558
146552867,2,4306402326
147017597,1,4306400715
149213910,1,4306401849
149557720,1,4306401520
150729083,1,4377196379
150744194,1,4377196531
151651118,1,4377196914
151823869,2,4306400428
153455119,1,4377196934
153562115,4,4306400773
153562115,8,4306400176
153592363,1,4377196880
153718931,2,4306400902
153871386,1,4306401929
153975220,1,4306400122
153976015,1,4377196268
153976015,5,4306402039
154757721,1,4377196798
155781252,2,4377196354
156088403,1,4377196546
157071867,2,4306400401
157227730,2,4306400937
157286207,3,4377196372
157614274,4,4306402101
157725225,2,4306400836
159360068,1,4306400476
160993911,2,4306401910
161106909,1,4377196893
161107111,1,4306400529
161321875,2,4306400910
161593684,1,4306400560
162290304,1,4377196376
162827531,1,4306400899
163137577,2,4306400332
163245316,2,4306400280
163770644,2,4377196325
164389053,2,4377196678
164936912,1,4306402377
165143802,1,4306402388
165230279,4,4377196601
165230279,8,4306400904
165525304,2,4306401889
165526535,2,4377196584
165678365,1,4306401270
165733156,2,4306401728
165862685,1,4306400552
166073570,4,4377196783
166337079,4,4306401976
166613482,1,4377196851
166843116,3,4306401733
167138147,2,4377196709
167234411,2,4377196539
168046917,1,4377196797
169086405,1,4377196781
169138485,1,4306401230
169248161,1,4377196500
169333911,1,4306401689
169381384,1,4306400420
169521973,1,4377196368
169615421,1,4306401140
170201317,4,4306401282
170201317,8,4306402375
170201317,12,4306401325
170201317,17,4306400410
170201317,21,4306400612
170201317,25,4306402121
170201317,29,4306400117
170201317,34,4306402323
170201317,38,4306400405
170486558,1,4306402615
171892758,1,4306401090
172039944,1,4377196516
172574986,1,4306402289
172901346,3,4306400690
173888879,1,4377196982
173911158,2,4377196104
174183983,1,4306402290
175051016,3,4306402557
176453806,1,4306400594
177181097,2,4306401133
177233841,3,4306401838
177233841,7,4306401178
177477856,1,4306402038
177802217,2,4377196315
177877127,1,4306402523
177969490,1,4306400424
179647637,2,4306401027
180519160,2,4306401458
180923762,2,4306401304
181343428,3,4306400173
181343428,7,4306401359
181565077,1,4306400481
181647926,1,4306402226
182534213,2,4306401934
183111857,1,4377196423
183146814,1,4377196769
184531372,1,4306401018
184565670,3,4377196692
184654094,2,4377196746
184840846,1,4377196340
184925374,1,4306401339
185071736,1,4377196324
185439253,1,4377196717
185443292,1,4306401753
185523456,2,4306400696
185852735,1,4306402361
186335123,2,4306401576
186803428,2,4377196574
187494767,3,4377196378
187531555,2,4306402420
188538660,2,4306402320
188884621,2,4306400659
189158943,1,4306401627
189196454,1,4306400392
189238007,3,4306400396
189268942,1,4306401705
189590672,2,4377196407
190082696,1,4377196258
191240316,1,4306400827
191420491,2,4306401039
192257213,1,4306401878
192455969,2,4306400473
192513696,1,4306402165
193054373,1,4306401995
193223587,3,4377196320
193620225,1,4306402049
194028371,1,4306402576
194163208,1,4377196818
194839184,1,4306400185
195460627,1,4306400966
195893171,1,4306402087
195939026,1,4306402566
196272386,1,4377196881
196677622,1,4377196728
198243066,2,4306401109
199417121,2,4306400700
199440890,1,4306400028
200183955,1,4306401918
200183955,5,4377196563
200332995,1,4377196631
200362191,1,4306400062
200719446,1,4306401794
200763008,2,4306401439
201025148,2,4377196553
201389808,1,4306401034
201787326,2,4377196441
203303854,1,4377196509
203899302,1,4306401854
204136569,3,4377196284
204291657,1,4306401260
204465549,3,4377196288
204743663,1,4306400737
204824540,1,4306400510
205133468,1,4306400777
205158640,1,4306401028
205274468,1,4306400387
205783295,3,4306400787
205783295,7,4306402381
206945453,2,4306400179
216071944,2,4377196540
221716585,1,4377196686
221899656,1,4306401519
223822909,4,4306402124
224954996,1,4306402629
227486990,1,4306401984
230495080,2,4306401529
232005693,1,4306401997
233745408,3,4306401317
240025564,1,4306401990
255234318,1,4306401812
271457894,2,4306400821
283262890,1,4306402230
291386647,2,4377196361
337778094,2,4306401516
859038795,1,4306400248
864159182,1,4377196725
864159182,5,4377196807
864159182,9,4306401818
864159182,13,4306400767
864159182,16,4377196752
865915315,1,4306401107
867280407,1,4306401994
868834043,1,4306402572
870124129,2,4306400323
874386039,2,4306400803
882953328,1,4377196512
883679329,2,4306402597
884043246,1,4306402269
887064364,1,4306400088
887968799,2,4306401033
901148624,1,4377196894
904495901,1,4306400167
909854389,3,4306400050
913958620,1,4306400997
926574661,1,4377196964
1282462722,1,4306400525
1286583668,1,4306402476
1288237921,2,4377196815
1291425158,3,4306400783
1293303778,2,4306401706
1293303778,6,4306402152
1295562517,1,4306401890
1299303238,1,4306525036
1299303238,5,4306401960
1311157440,4,4306400390
1313323035,2,4306400242
1316920787,1,4306400644
1318003438,1,4210172589
1326965316,1,4377196551
1331168281,1,4306400632
1335518801,1,4306402490
2608206482,2,4306401955
2750212522,1,4306400573
2799443121,1,4306400222
2799747612,1,4377196945
2799848540,1,4306401712
2799848540,5,4306402352
2799848540,9,4306401491
2799848540,13,4306400047
2799848540,16,4306402530
2799848540,20,4306402488
2799848540,24,4306401186
2799848540,28,4306402219
2799853480,2,4306402524
2800024560,1,4306402552
2800262456,1,4306401379
2800616092,2,4306401585
2801242002,1,4306401891
2801244131,2,4306402394
2801248553,2,4306402614
2801333002,1,4377196310
2801652627,1,4306400155
2801876189,1,4306400383
2801976130,1,4306402334
2802025818,2,4306401026
2802176441,1,4306401608
2802260906,1,4377196559
2802286613,2,4306402307
2802828525,1,4306400614
2802923894,3,4306401255
2898391981,1,4377196266
2982035970,1,4306401373
3018704611,1,4377196677
3019727434,1,4306402554
3020190299,1,4306400249
3121987637,1,4306400228
3123035732,1,4306402075
3131271221,1,4306402215
3131287517,1,4377196965
3131778735,1,4377196907
3132420320,4,4306400749
3132710747,2,4306402073
3141906898,1,4306402026
4210086302,1,4306402502
4210086585,1,4306400982
4210086850,1,4377196487
4210087241,1,4377196721
4210088668,1,4306400794
4210088975,1,4377196873
4210089017,2,4306400110
4210089144,1,4306400504
4210089366,1,4377196689
4210089486,1,4306402156
4210089966,3,4306400091
4210091554,1,4306400495
4210092172,1,4306402327
4210093185,1,4377196103
4210093275,4,4306400747
4210094504,1,4306400182
4210096028,1,4306400788
4210096350,1,4306402092
4210097146,2,4306401468
4210097709,1,4306401690
4210099471,1,4306401750
4210099506,1,4306401302
4210100292,1,4306402503
4210101313,1,4306402484
4210101313,5,4306402459
4210101313,9,4306402472
4210101313,13,4306402583
4210101313,16,4306400574
4210101368,3,4306400835
4210101845,1,4306400165
4210101898,1,4306401996
4210103632,1,4306400704
4210105895,1,4306400053
4210107867,1,4306401456
4210107902,1,4306400900
4210108322,1,4306401138
4210108513,2,4306400729
4210108527,1,4306402047
4210109351,1,4306401881
4210110423,1,4306402113
4210111398,2,4306401886
4210111921,1,4377196820
4210111937,1,4377196980
4210112663,1,4306402606
4210113907,1,4377196903
4210114028,1,4306400759
4210115194,3,4306402409
4210115453,1,4306401167
4210115995,1,4306400233
4210116198,1,4306401764
4210116845,1,4377196676
4210117059,1,4377196850
4210118915,1,4306401703
4210118987,1,4306402293
4210120228,1,4306400037
4210120300,1,4306401755
4210120685,1,4306401367
4210122374,1,4306401650
4210123063,1,4377196662
4210123216,1,4306400095
4210123514,1,4306402203
4210123841,1,4377196862
4210124272,1,4377196666
4210124753,1,4377196541
4210126796,1,4306402251
4210127410,1,4306402511
4210127711,2,4306402257
4210128224,1,4306402090
4210131160,1,4306400469
4210131387,1,4377196668
4210132348,1,4377196282
4210135226,1,4306401209
4210135666,2,4306401106
4210136572,1,4306400060
4210137406,1,4377196667
4210139159,2,4377196819
4210139291,1,4306400201
4210139482,1,4306402004
4210140733,1,4306400081
4210140760,1,4306401155
4210141702,2,4306402142
4210142515,3,4306400667
4210142575,1,4306401640
4210142728,1,4306402017
4210143928,1,4306401587
4210144560,1,4377196281
4210144834,1,4306402321
4210144925,1,4377196307
4210145449,1,4306402467
4210146508,1,4306402653
4210148385,1,4306402455
4210148468,1,4306402350
4210149878,2,4306400120
4210150356,1,4306400628
4210151805,1,4306402200
4210152311,2,4306402111
4210152596,1,4306401904
4210153120,1,4306400087
4210154840,1,4306400978
4210155768,1,4306400932
4210156742,2,4306401740
4210158352,1,4306402506
4210158376,1,4377196858
4210158813,1,4306400650
4210159538,1,4306400935
4210159629,1,4306401702
4210159638,2,4377196658
4210160370,3,4306401428
4210164264,2,4377196648
4210165007,2,4377212285
4210165738,1,4377196670
4383465926,1,4306402641
241749,1,4306401776
251738,1,4306400544
592451,1,4306402593
592451,5,4306402437
592451,9,4306400641
686019,1,4306402366
746986,2,4306400094
899802,1,4306402395
951315,1,4306402451
992397,1,4306401430
1351752,2,4306401341
1925986,1,4306402030
2135383,1,4306401060
2303707,1,4377196716
2610724,1,4377196645
2613432,2,4377196396
3289505,1,4306402655
4068193,2,4306402104
4068193,6,4377196579
4092182,1,4306400660
4101805,1,4377196734
4141589,2,4306401888
4141589,6,4306402463
4429535,1,4306400247
4498119,2,4377196637
4654613,1,4306400965
4665924,1,4306400038
4780363,1,4377196570
4853710,1,4306400727
5023651,2,4306400150
5518804,1,4306402122
5681781,1,4306401835
6750721,1,4377196398
7597260,4,4306402387
7876267,1,4306401002
7882870,2,4306401287
7947594,1,4377196405
8204097,2,4306401196
8264552,1,4306400364
8692664,3,4306401290
8692664,7,4377196510
8765205,1,4306401352
8961855,1,4306402489
8961855,5,4306400772
9300472,1,4306400187
9360294,1,4306401718
9360294,5,4306400198
9360294,9,4377196854
9617848,1,4377196262
9927081,2,4306401663
10091056,1,4306400882
11701301,2,4377196263
11855966,2,4306400703
11874761,2,4377196634
11923345,1,4377196276
12003341,2,4306401241
12093191,2,4306400268
12833781,2,4306400601
13134134,1,4306400398
13779751,1,4377196607
15766117,1,4306400359
15766328,2,4377196341
15807432,1,4306401449
16285277,3,4377196732
17626003,1,4306402191
19128659,1,4306402360
19231517,1,4306401601
19820366,1,4306401488
19820366,5,4306400543
19880235,3,4306400090
20121455,1,4306401670
20272500,1,4377196360
21104390,1,4306402533
21361538,1,4306400721
21370196,1,4306401692
21803372,1,4306401462
21881038,2,4377196518
21978226,1,4377196904
24354313,2,4377196588
24354313,6,4306400305
24603500,1,4306402240
26347476,1,4377196700
26437253,2,4306400154
27837315,1,4306400708
28290843,1,4306402651
29617571,1,4306401262
31512782,1,4306401590
31575130,1,4306402168
31703152,1,4306400366
31746571,1,4377196481
32021983,2,4377196482
32597200,2,4306400477
32699454,1,4377196604
32971472,2,4306400605
33213144,2,4377196657
34352273,1,4306402616
34403800,1,4306400264
34771391,1,4306400618
35568498,2,4306401182
35961687,3,4377196983
35961687,7,4306402236
35961687,11,4306400750
36893310,1,4306401183
37415318,1,4306402546
39147953,2,4306400505
39586589,2,4306401612
39854758,2,4306401809
39965400,1,4377196609
40120149,1,4306402636
40347166,1,4306402460
41156924,1,4306400325
41156924,5,4377196853
43439940,2,4306401562
43439940,6,4306401879
43439940,10,4306401020
43439940,14,4306401072
44666525,1,4306402186
45129253,1,4306401937
45683168,1,4306401013
45812101,1,4306402542
45812101,5,4306402378
46305939,2,4306400642
46464968,1,4377196479
47251452,2,4306401686
47508984,1,4306401396
47689905,1,4306402091
48057805,2,4306401754
48205209,1,4377196639
48566637,1,4306401118
48843708,1,4377196582
49332381,1,4306401817
49663120,1,4306400533
50357001,1,4306400817
51209816,1,4377196906
51216347,1,4306402145
51314090,1,4306402341
51504820,1,4306401059
51601045,3,4377196294
52135307,1,4306400367
52179390,1,4306400944
52418104,2,4377196673
52590639,1,4306400559
52669646,1,4377196384
53210213,1,4306402412
54515432,1,4377196799
55133342,1,4377196455
55143463,1,4306400637
55521800,3,4377196420
55892964,1,4306401204
55892964,5,4377196922
56125125,2,4306400868
57206974,1,4306401257
59270414,1,4377196309
59411706,3,4377196970
59411706,7,4377196972
59411706,11,4306402081
59411706,15,4377196832
59411706,18,4306401116
59411706,22,4306400593
59411706,26,4306400799
59411706,30,4306401114
59411706,33,4306401933
59493104,1,4306402040
60053951,4,4306401500
60060512,1,4306401911
60342839,1,4306400014
60559429,1,4377196417
60668342,2,4306401229
62916508,3,4306402443
63135867,1,4306401545
63664421,1,4306400127
64532579,1,4306401224
65181880,1,4306400292
65285256,3,4306400984
65806277,1,4306402171
66514158,2,4306401496
66752286,1,4306400804
66862912,4,4306402034
67311998,2,4377196256
67311998,6,4306402194
67789559,2,4306400581
68763199,1,4306401349
70900168,1,4306402264
70931966,2,4306402422
70983195,3,4377196280
71267560,1,4306401228
71503853,2,4306401952
71999127,1,4306401653
71999127,5,4306400861
72951846,1,4377196954
73417466,2,4306402153
74054363,2,4306401697
74413500,2,4306400430
75027704,1,4306402419
75951250,2,4306401213
76407603,2,4377196826
76766440,1,4377196440
76835614,1,4306400929
76842071,1,4377196485
76842071,5,4306401582
76903346,1,4306402070
76920116,1,4306401225
78037679,1,4306400067
79189158,2,4377196358
79238269,1,4306400333
79576946,3,4306402364
79817857,1,4306401043
79839527,3,4306402044
79891267,2,4377196871
80281795,2,4306402094
81365321,1,4377196314
81461992,1,4377196910
82509713,1,4306400057
83328450,1,4377196638
83558840,2,4377196375
83925599,1,4377196402
84027002,1,4306400805
84392919,1,4306402624
85686399,1,4306402309
86467917,4,4377196350
86897205,3,4306400558
87213936,1,4306400646
87216513,1,4377196966
87547150,1,4377196622
88060688,1,4306402421
88060688,5,4306400462
89864525,1,4306400874
90257968,1,4377196874
91045830,3,4306400259
91123046,1,4377196444
91712215,3,4377196499
94616838,2,4377196548
94876832,1,4377196592
94951947,1,4306400277
96673099,1,4306400705
96698942,2,4306400287
98259816,1,4306400466
98358874,1,4306400906
98381234,1,4306400284
98461037,1,4306401729
98677209,2,4306400321
98947143,1,4377196328
99464096,1,4306401954
99542240,1,4306401573
100191712,1,4377196557
100538780,1,4306402088
100930933,1,4306400918
102298084,1,4377196503
102322142,1,4306401388
102461120,3,4377196812
102607778,2,4377196594
102808428,1,4377196899
102893293,1,4306402382
103187081,2,4306402600
103531236,4,4377196803
103531236,8,4306401336
104658917,1,4306401698
104914703,1,4306401338
105056648,1,4306402399
105296287,1,4306400049
107158390,2,4306401991
107363760,1,4377196751
107640659,1,4306400771
108103353,1,4306401553
108290504,1,4377196265
110120368,1,4306400365
110678235,2,4377196458
111329961,1,4306400683
114017466,4,4306401357
114027177,2,4306401075
114112103,2,4306401575
114202661,2,4306402184
114202661,6,4377196887
114202661,10,4377196737
114395901,3,4306400577
114457229,2,4306401775
116067653,1,4306400993
117979880,1,4306400956
118185606,1,4377196301
118373667,1,4306400656
118564535,1,4306401086
119003972,1,4377196120
119004910,2,4377196731
119635470,1,4377196943
119664326,2,4306401000
119896790,2,4306400940
119942576,1,4306400314
120125038,1,4306402608
121748325,2,4377196321
121797337,1,4306400850
122328836,1,4377196660
122346577,3,4377196326
122411786,3,4306401211
122411786,7,4306401442
122492136,1,4306400065
123387679,2,4306402043
123534392,2,4306401050
123900574,1,4306401965
124261462,1,4306400541
124326101,1,4306401171
126193024,2,4306400140
126596746,2,4306401248
126744593,2,4306401762
126863827,2,4377196652
129043915,1,4306401163
129774422,1,4306401993
129801699,2,4306400075
129994210,2,4306401051
130194489,3,4306401577
130769515,1,4306400349
130785548,1,4377196688
130823665,3,4306402424
130823665,7,4306401643
130915974,1,4377196940
131221577,1,4306401459
131868736,1,4306400149
132735039,2,4377196451
133731052,1,4306401476
133837150,1,4306401852
133937715,1,4377196740
134820265,1,4306401639
135117807,1,4306401321
135140700,2,4306402493
135310074,1,4306401622
136199984,2,4306401277
137265193,1,4306402224
137902535,1,4306402468
137975476,1,4306402150
137996928,1,4306400776
138689650,4,4306401820
138801177,1,4306402454
139264467,1,4306401345
139559945,1,4377196696
140025399,2,4377196615
140744787,1,4306400508
141596103,1,4377196395
141945490,1,4377196297
142263535,4,4306402014
142263535,8,4377196364
142444530,3,4377196544
142606810,1,4306401265
142740786,1,4306402244
142974352,2,4306400153
143396566,1,4377196733
145402516,1,4306402446
145608581,1,4377196784
145722265,1,4306400243
145847075,2,4306400494
145872427,1,4306401068
146416000,2,4306400421
146552867,1,4377196840
147017597,2,4306401534
149213910,2,4377196495
149218525,1,4306401151
149704539,3,4306401851
149899117,3,4306400654
150589677,1,4306401860
150729083,2,4306400555
150824429,1,4306401091
150870154,1,4306401578
151823869,1,4306402019
153204768,1,4377196606
153267046,1,4306402046
153562115,3,4306400527
153562115,7,4306400181
153718931,1,4306400658
153871386,2,4306402217
153976015,2,4306400775
154300980,1,4306400238
154757721,2,4377196558
155765044,1,4377196770
155781252,1,4306401386
157071867,1,4306401901
157227730,1,4306401301
157614274,3,4377196918
157638225,1,4306402638
157725225,1,4308707206
157725225,5,4377196349
158123994,1,4306401272
159360068,2,4377196863
160993911,1,4306402607
161321875,1,4306400911
161372803,1,4377196623
161593684,2,4306400561
161746293,1,4306401572
162817326,1,4306400213
163137577,1,4306401093
163245316,1,4306401216
163245316,5,4306402066
163770644,1,4306400209
164389053,1,4306401387
164936912,2,4377196403
165230279,3,4306400707
165230279,7,4377196953
165230279,11,4306400072
165390105,1,4306400472
165488957,1,4377196536
165525304,1,4306402462
165526535,1,4306402545
165733156,1,4377196811
165737746,1,4306400350
166073570,3,4306401899
166337079,3,4306400496
166401450,1,4306400373
166722992,1,4306402099
166843116,4,4306402429
167138147,1,4377196723
167234411,1,4306401174
168036236,1,4306401599
168635309,3,4306402262
168864056,1,4306400079
169138485,2,4377196552
169333911,2,4306401688
169556180,1,4306400339
170201317,3,4306400537
170201317,7,4306401436
170201317,11,4377196973
170201317,15,4306401548
170201317,18,4306401251
170201317,22,4306400221
170201317,26,4306400620
170201317,30,4306400998
170201317,33,4306400681
170201317,37,4306402403
170239107,1,4306402528
170897317,3,4377196600
172446870,1,4377196293
173304897,3,4306400260
173654999,1,4306400883
173911158,1,4306402005
173915773,1,4306400160
174183983,2,4377196335
175051016,4,4306402560
176113532,1,4306401609
176453806,2,4377196346
176790772,1,4306400274
177156846,1,4377196457
177181097,1,4377196730
177233841,4,4306400920
177463362,1,4306402477
177537411,1,4306402050
177802217,1,4306401433
177877127,2,4306402492
177969490,2,4306400423
179093154,1,4377196362
179647637,1,4306402163
180519160,1,4306400946
180923762,1,4306400368
181085462,3,4306400596
181343428,4,4306401735
181343428,8,4306401848
181565077,2,4306401532
182534213,1,4306401935
183716014,1,4377196564
184531372,2,4306402480
184654094,1,4306400276
185443292,2,4377196394
185523456,1,4306400692
185852735,2,4306401973
186335123,1,4306402312
186803428,1,4306401333
186903577,1,4306401815
187494767,4,4306401199
187531555,1,4306400536
188104300,1,4306400645
188538660,1,4306401957
188884621,1,4306402344
189075073,1,4306401354
189158943,2,4306402628
189486483,1,4306400834
189590672,1,4306402339
190082696,2,4306400188
190085865,1,4377196720
190752583,1,4306400009
191240316,2,4306400841
191420491,1,4306402241
192455969,1,4306401227
192455969,5,4306401968
192513696,2,4306401070
192619145,1,4306400603
193054373,2,4306400199
193223587,4,4306400409
193621155,1,4306400502
193662353,1,4306401649
193700539,1,4306401490
194163208,2,4306402202
196272386,2,4306400826
196664497,1,4306402053
196829312,1,4306400572
197854408,1,4306400782
198243066,1,4306400069
198371094,1,4306400822
199417121,1,4306400143
200183955,2,4306401714
200719446,2,4306401418
200763008,1,4306401438
201025148,1,4306402256
201448701,1,4306401128
201787326,1,4306400627
201841394,1,4306400468
202483615,3,4306400535
203951103,1,4377196406
205158640,2,4306401029
205274468,2,4306401134
205349734,1,4306400549
205783295,4,4377196534
205783295,8,4377196772
206945453,1,4306402316
206961696,3,4306402233
208470662,1,4306400793
208875869,1,4377196937
216071944,1,4377196542
217085601,1,4377196611
219193219,1,4306401098
221716585,2,4306402592
221899656,2,4306402586
223822909,3,4306402333
224954996,2,4377196704
227486990,2,4306400436
230495080,1,4306401530
254887060,1,4377196831
264262938,1,4306402331
271457894,1,4306400597
275799156,1,4377196610
291386647,1,4306402584
298625061,1,4306402317
317356780,1,4306402077
337778094,1,4306402187
859038795,2,4306400253
864159182,2,4377196742
864159182,6,4306401004
864159182,10,4306402096
864159182,14,4306400798
864159182,19,4377196741
865915315,2,4306400546
870124129,1,4306401356
874386039,1,4377196550
874386039,5,4377196549
883679329,1,4377196426
884043246,2,4306400375
887968799,1,4306401362
888729015,1,4377196699
889458895,1,4377196271
891191580,1,4306401731
897542642,1,4306402507
900890020,1,4377196289
904495901,2,4377196777
909854389,4,4306401493
912052591,1,4306401727
913958620,2,4306401266
1286499117,1,4377196768
1286583668,2,4306402055
1286959531,1,4377196404
1288237921,1,4306402510
1293226324,1,4377196339
1293303778,1,4306400177
1293303778,5,4377196425
1295345811,1,4377196900
1299303238,2,2764455111
1299303238,6,4306402110
1301968116,1,4306400448
1311060795,1,4377196684
1311157440,3,4306401415
1311968801,1,4306401368
1313323035,1,4306401477
1322597698,3,4306401843
1329765538,1,4306402445
1334950195,1,4306401054
2608206482,1,4306401036
2750212522,2,4306402567
2799443121,2,4306402426
2799848540,2,4306401687
2799848540,6,4306400402
2799848540,10,4306400670
2799848540,14,4306402499
2799848540,19,4306401127
2799848540,23,4306401693
2799848540,27,4306402587
2799853480,1,4377196569
2800616092,1,4306400854
2800759272,1,4377196923
2800865746,1,4306400084
2801155571,1,4306402342
2801244131,1,4306402393
2801248553,1,4306400115
2801351888,1,4306402637
2801652627,2,4306402114
2801876189,2,4306401365
2801976130,2,4306402159
2802025818,1,4306401208
2802229908,1,4306402574
2802286613,1,4306400864
2802326326,1,4306402611
2802351097,1,4306401807
2802687840,1,4306401009
2802886305,1,4306400706
2802923894,4,4306400941
2901054986,1,4306400989
3019727434,2,4306400968
3020190299,2,4377196715
3123212020,3,4377196924
3130010255,1,4377196856
3130327861,1,4377196647
3130994585,1,4377196822
3131271221,2,4306402515
3132420320,3,4377196312
3132561136,1,4306401927
3132710747,1,4306401276
3132940433,1,4306401112
3132969952,1,4306401399
3133438087,1,4377196447
4210086570,1,4306401212
4210086850,2,4377196493
4210087226,1,4377196890
4210087591,1,4377196977
4210089017,1,4306400111
4210090028,3,4306402147
4210091588,1,4306400162
4210093275,3,4306402410
4210093668,1,4306401005
4210093673,1,4394395008
4210093747,1,4306400422
4210096028,2,4306401526
4210096350,2,4377196764
4210096694,1,4306402450
4210097146,1,4306400548
4210097247,1,4306401963
4210097468,1,4377196338
4210097709,2,4377196556
4210100913,1,4306401920
4210101313,2,4306402229
4210101313,6,4306400831
4210101313,10,4306401922
4210101313,14,4306402108
4210101845,2,4306400164
4210101969,1,4306402080
4210102194,1,4306400741
4210102926,1,4306400379
4210103632,2,4306402082
4210105059,1,4306402190
4210107902,2,4306400901
4210108513,1,4377196941
4210111398,1,4377196671
4210112414,1,4306401669
4210112663,2,4377196269
4210113430,1,4306402037
4210116497,1,4306402478
4210116822,1,4306402308
4210116871,1,4377196624
4210117059,2,4306401859
4210117483,1,4306402579
4210119349,1,4306400299
4210120349,1,4306401616
4210120766,1,4306401080
4210122374,2,4306401651
4210124753,2,4377196106
4210127711,1,4306402248
4210129284,1,4306401035
4210129949,1,4377196459
4210132348,2,4306402649
4210133351,1,4306401570
4210134504,1,4377196902
4210135666,1,4306401749
4210136482,1,4306400237
4210136572,2,4306401094
4210137150,1,4377196554
4210137406,2,4306402007
4210137904,3,4306401421
4210138102,1,4377196683
4210138519,1,4306400679
4210138961,1,4306401480
4210139159,1,4377196835
4210139239,1,4306402271
4210140368,1,4306400674
4210140595,1,4377196491
4210141138,1,4306401150
4210141702,1,4306402141
4210142250,1,4377196501
4210143963,1,4306402522
4210145466,1,4306401253
4210145651,1,4306402536
4210146022,1,4377196865
4210146344,1,4306400869
4210146579,1,4306400738
4210148378,1,4306401621
4210148414,3,4306401016
4210149665,1,4306400980
4210149878,1,4306402617
4210152311,1,4306401557
4210152568,1,4306400892
4210153961,1,4306400022
4210154139,1,4306401291
4210155147,1,4306401579
4210156742,1,4306401243
4210157858,1,4306401003
4210158376,2,4306401819
4210159056,1,4306401676
4210159638,1,4306402078
4210160261,1,4306400686
4210161223,1,4377196896
4210161715,1,4306402123
4210162908,1,4377196928
4210164264,1,4306402369
4210165007,1,4377209701
4210166229,1,4377196336
226432,1,4377196627
392282,1,4377196508
592451,4,4306400988
592451,8,4306400870
1118541,1,4306400384
1850255,1,4306401836
2613432,3,4306401175
4068193,3,4306402471
4068193,7,4377196653
4141589,3,4306402494
4141589,7,4306401484
4923324,2,4306400801
5023651,3,4306400151
5237613,1,4306400774
5388228,1,4306401284
5444425,1,4306400511
5728261,1,4306402295
6030618,1,4306400281
6289922,1,4377196408
7597260,1,4306401907
7597260,5,4306400036
7877124,1,4306400214
7882870,3,4306401724
8204097,3,4306401845
8408910,1,4306401326
8488066,1,4306400744
8606887,1,4306401234
8692664,2,4306401768
8692664,6,4306402580
8721504,1,4306401082
8961855,4,4306400132
9360294,4,4377196908
9360294,8,4306401721
9360294,12,4306400235
9927081,3,4306401662
10902133,1,4306400304
11265461,1,4377196560
11855966,3,4306401831
11983389,1,4306401617
12003341,3,4306401160
12079687,1,4377196387
12093191,3,4377196824
12097938,1,4306402612
12315562,1,4306402520
12387023,2,4377196494
12524447,1,4306401142
12833781,3,4306400566
12912129,1,4306400714
13419840,1,4306401684
13469542,1,4306402573
14243506,1,4306400205
16038530,1,4306401660
16269868,2,4377196452
16285277,2,4306400810
16733864,1,4306402491
16835326,1,4306400230
17856709,1,4377196597
17866349,1,4306401987
18014758,2,4306400490
19648265,1,4306400146
19700959,1,4377196488
19820366,4,4377196984
19880235,2,4306400045
20121455,4,4306401930
20305541,1,4306400730
20497027,2,4306401945
21881038,3,4377196663
22128151,1,4306402138
22188714,1,4306401181
24354313,3,4377196738
24354313,7,4306401824
24359323,1,4306400512
24402780,1,4306401411
25169866,1,4306401376
26092322,1,4306400300
26757994,1,4306400881
27494661,1,4306402025
28407311,1,4306400662
28638086,2,4306400068
29406707,1,4306402509
31123050,2,4306401407
32394136,2,4306401884
32625721,1,4377196867
33308869,1,4306402359
34077901,1,4306402466
34250744,1,4306401347
35440088,1,4306402302
35961687,2,4377196334
35961687,6,4306400583
35961687,10,4377196691
36080156,1,4306401088
36243813,1,4377196295
36258959,1,4306400863
36515993,1,4306402300
36943572,1,4377196848
37696226,2,4377196302
39422238,1,4306402621
39470171,1,4306401586
39481719,2,4377196925
39854758,3,4306401808
40253897,1,4377196522
41156924,4,4306400215
41382782,1,4306400726
41461413,1,4306400335
41802502,1,4306402009
42934936,1,4306401510
43369023,1,4377196515
43406934,2,4306400717
43439940,3,4306402297
43439940,7,4306400452
43439940,11,4306400358
43439940,15,4306401949
43777268,1,4306400113
43968019,2,4306402133
44504214,1,4377196895
44854399,1,4306402529
44925452,1,4306400953
45084792,1,4306402033
45204951,1,4377196898
45812101,4,4306400843
46607137,1,4377196878
47652812,1,4377196789
47755478,1,4306401132
47834966,1,4377196932
47951555,1,4306402338
48912391,1,4306400460
51158804,1,4306402588
51235708,1,4377196748
51601045,2,4306401631
52010207,1,4377196386
52353378,1,4306402179
52357470,1,4306402304
52407163,2,4377196367
53465836,1,4306401173
54001450,1,4377196355
54009628,1,4306400362
55521800,2,4306402407
55732556,1,4306400254
55892964,4,4306401466
56067802,1,4377196828
56085075,1,4306401412
56475706,1,4306402314
56624758,1,4306401235
56722557,1,4306402599
57156483,1,4306402565
58028834,2,4306401803
58956616,1,4306401366
59130452,1,4377196416
59361560,1,4377196901
59411706,2,4306400017
59411706,6,4377196921
59411706,10,4306400916
59411706,14,4306400592
59411706,19,4306400917
59411706,23,4306400590
59411706,27,4306400587
59411706,31,4306401115
59411706,32,4306400589
59530521,1,4377196981
60053951,1,4306400639
60053951,5,4306401741
60200437,1,4306400891
60488453,1,4306400025
60587646,1,4306400317
61828770,1,4306400290
62318514,1,4306400212
62916508,2,4306401469
63030401,1,4306402175
63098007,1,4306401246
63190737,1,4306400078
63341726,2,4377196961
63634437,2,4306400964
64712228,1,4306401619
65285256,2,4306402211
66760702,2,4306401089
66809481,2,4306400270
66862912,1,4306402469
66890659,1,4306402189
66946132,1,4306402644
67031392,1,4306400962
67311998,3,4306402195
67311998,7,4306400562
67581229,1,4306401840
68956291,1,4306402442
69552723,1,4306401870
70931966,3,4306401565
70983195,2,4306402577
71052956,1,4306402273
71503853,3,4377196428
71966907,1,4377196690
71999127,4,4306402479
73417466,3,4306401989
74775410,1,4306400220
74899385,1,4306400635
74920221,1,4306400100
74973139,1,4306400668
75917431,1,4377196843
75951250,3,4377196957
76245029,1,4306400027
76257594,1,4377196687
76842071,4,4306400225
77793887,1,4306401271
78757542,1,4306401391
78880903,1,4306401308
79576946,2,4377196469
79619799,1,4306402634
79765343,1,4306400974
79839527,2,4377196758
80232743,2,4306400951
82284825,2,4306401778
82767444,1,4306401385
83399316,1,4377196535
83863532,1,4306401177
84339108,1,4306400337
84470341,1,4377196759
84475105,1,4377196356
84884186,1,4306402485
86115722,1,4377196656
86211378,1,4306400021
86467917,1,4306400519
86501945,1,4377196565
86695891,1,4306401783
86897205,2,4377196706
86958956,1,4377196855
87424562,1,4377196817
88060688,4,4306400461
88155538,2,4306401513
88192956,1,4377196877
89455037,1,4377196593
90267481,1,4306400360
90281761,1,4306402258
90803817,2,4306400795
91041137,1,4306400693
91045830,2,4306401674
91047523,1,4306401821
91712215,2,4306401552
92446798,1,4306402292
92715842,1,4306400586
93396115,1,4377196431
94339441,2,4306402299
95220073,1,4306401137
96036126,1,4306400860
98677209,3,4377196353
99682543,1,4306400354
100005738,1,4377196761
100066346,2,4306401306
101202996,1,4306402199
102064193,1,4377196319
102197404,1,4306401007
102248843,1,4306401630
102373834,1,4306401763
102461120,2,4377196305
102502594,1,4306400807
102520234,1,4306400617
102913810,1,4377196561
103163165,1,4306401638
103531236,1,4306400282
103531236,5,4306401087
103531236,9,4306400955
104546213,1,4306400345
106157433,1,4306400093
106460735,1,4377196547
107502644,2,4306401919
107639228,2,4377196710
107707843,1,4306401457
108103353,4,4306401858
108290504,4,4306401800
110002522,1,4306401236
110200422,1,4306401869
110378019,2,4377196411
111088046,1,4306402384
111236770,2,4377196529
111428342,1,4306401645
111966504,1,4306402072
112494859,2,4377196765
112862951,2,4306400972
113306721,2,4306401189
113330528,1,4377196472
113686770,1,4306402343
114017466,1,4377196279
114027177,3,4306402012
114090438,2,4306400432
114112103,3,4306400769
114202661,3,4377196590
114202661,7,4377196868
114202661,11,4377196743
114395901,2,4306400204
115304662,2,4306401787
115891769,2,4306400105
116292333,1,4306401915
116397343,1,4306401857
118020396,1,4306400470
118091203,1,4306401561
118353179,2,4377196644
119234918,1,4377196489
119474363,1,4306402003
119942284,1,4377196450
120156002,1,4306400258
120217413,1,4306400894
121748325,3,4306400969
121980950,1,4306401084
122346577,2,4377196318
122411786,2,4306402162
122411786,6,4306401936
123044942,2,4306400380
125485651,1,4306402337
125749732,2,4306400648
125924841,1,4306400491
126307644,1,4306401239
126596746,3,4306400507
127077003,2,4306400239
128309023,1,4306400183
129801699,3,4377196333
129826125,1,4306401896
130194489,2,4306400975
130238516,1,4306402521
130438778,1,4306401319
130442723,1,4306400784
130823665,2,4306401523
130823665,6,4306401644
130828816,1,4377196101
131651094,1,4377196520
133557312,1,4306400973
134085113,1,4306401833
134113660,1,4306401525
134235054,1,4306402254
134560555,1,4306400942
134695357,1,4306401972
135598925,2,4306402148
136199984,3,4306401961
136259955,1,4306401382
137853757,1,4377196566
138689650,1,4306402547
138689650,5,4306401001
138847295,2,4377196979
138938424,1,4377196830
139894009,1,4306401846
140172145,1,4377196438
140508470,1,4306400427
141448028,1,4377196755
141568987,1,4377196872
141766778,1,4306402356
142263535,1,4377196365
142263535,5,4306402482
142263535,9,4377196374
142444530,2,4306402362
142767807,1,4377196708
142879360,1,4377196664
143302722,2,4306402622
143719379,1,4377196726
143804889,2,4306402585
144926016,1,4306401969
146399215,1,4306402076
146416000,3,4377196285
146516829,1,4377196813
147017597,3,4306401892
149251103,1,4306401450
149461666,1,4306402336
149592570,1,4306401364
149704539,2,4306401102
149851306,1,4306401959
149899117,2,4306400224
149910238,1,4306401261
149919469,1,4306402196
150314799,1,4306400226
151221077,2,4306400664
151746483,1,4306401661
151823869,4,4306401792
152014189,1,4377196646
153562115,2,4306401295
153562115,6,4306400875
153871386,3,4377196467
153976015,3,4377196927
154130895,1,4306400124
154202486,2,4306402610
154757721,3,4306402064
155173764,2,4377196475
157219812,1,4306401543
157286207,1,4306401432
157417397,2,4377196453
157556583,1,4306402235
157614274,2,4306402129
157650460,1,4306401748
157674565,1,4306400651
157703844,2,4306400497
157725225,4,4306400026
158438070,1,4377196342
158708052,1,4306400133
159176309,1,4377196821
159650629,1,4306401147
161046081,1,4306401057
161103922,2,4306401416
161140089,1,4377196735
161371597,2,4306400331
161515732,1,4377196573
161548249,1,4306402103
161593684,3,4377196303
162096671,1,4377196841
162361429,1,4377196532
162608824,1,4306400129
163151358,1,4306400897
163245316,4,4306401172
163902620,1,4306402590
164466728,1,4306401409
165230279,2,4306401517
165230279,6,4306400319
165230279,10,4306400190
165304983,1,4306402232
165735259,1,4306401726
165779595,2,4306402500
165998391,1,4306402166
166073570,2,4306402208
166073570,6,4306401506
166337079,2,4306400530
166843116,1,4306400246
166972335,1,4377196661
167322064,1,4306400077
168635309,2,4306402261
169045520,2,4377196626
169046204,2,4306401642
169199633,1,4306400483
169335092,2,4306401222
169427155,1,4306402345
169541294,1,4306401120
170201317,2,4306402373
170201317,6,4306401223
170201317,10,4377196955
170201317,14,4306400936
170201317,19,4306400191
170201317,23,4306401455
170201317,27,4306400104
170201317,31,4306402374
170201317,32,4306400099
170201317,36,4306400125
170658231,2,4377196933
170897317,2,4306400687
172675005,1,4306402609
172780181,1,4306401537
172787465,2,4306401535
172901346,1,4306402062
172980758,1,4306402216
173009982,1,4306401269
173029219,2,4377196753
173212132,1,4306400255
173304897,2,4306400534
174025329,2,4377196572
174216632,2,4306402291
174458059,2,4306401659
174836887,1,4377196286
174878644,2,4306400134
175051016,1,4306402561
175051016,5,4306402558
175532246,1,4306402417
177233841,1,4306401804
177233841,5,4306400041
177753169,1,4377196698
178169726,1,4377196617
178450904,1,4306401503
178535277,1,4306401464
178712713,2,4377196672
179225836,1,4377196968
179647637,4,4377196100
179651463,1,4377196430
180437899,1,4306402486
180680657,1,4306400948
181085462,2,4306402068
181343428,1,4306402549
181343428,5,4306400949
181391015,1,4377196944
181565077,3,4377196399
181656237,1,4306402028
181840440,1,4377196575
182083151,1,4377196484
182451676,2,4306400308
183638586,1,4377196432
183935753,2,4306400216
184531372,3,4306402613
184565670,1,4306400728
184616310,2,4306401938
184942183,1,4306401716
184999862,1,4377196290
185261750,1,4306400261
185492890,1,4306401103
186354981,1,4306401097
186414734,1,4377196767
187494767,1,4306402390
187494767,5,4306402008
188730046,1,4306401980
189060766,2,4306400996
189158943,3,4306400516
189238007,1,4306400008
189712700,2,4377196311
190082696,3,4306402363
192396691,1,4377196498
192455969,4,4377196792
192513696,3,4306400915
192578771,1,4377196619
193223587,1,4306401913
193775966,1,4306400691
196272386,3,4306400825
196349391,2,4306402181
197465736,1,4377196577
197867492,1,4377196975
198012923,1,4306401113
198089087,1,4306401898
199172307,1,4377196711
200183955,3,4306401310
200437953,1,4377196437
200475212,1,4306401394
200694920,2,4377196782
200719446,3,4306401417
200769079,1,4306401796
201193091,1,4377196449
201799495,1,4306402495
201850948,1,4306402172
202483615,2,4377196763
202697423,2,4306402639
203088144,1,4377196410
203847022,2,4306400761
204136569,1,4306400823
204465549,1,4306400764
204722609,1,4306402568
205640436,1,4306401790
205783295,1,4306400757
205783295,5,4306400571
206895457,1,4306400802
206917445,2,4306401502
206961696,2,4306402242
208333798,1,4377196466
219388962,1,4306401793
222202552,1,4306402167
223822909,2,4306402193
227486990,3,4306400675
233745408,1,4306401316
250207469,1,4377196875
251424209,2,4377196912
300951488,1,4377196947
304664074,1,4306401652
522815984,1,4306400814
862322245,2,4306400073
864159182,3,4377196805
864159182,7,4377196654
864159182,11,4377196669
864159182,15,4306400711
864159182,18,4306400363
869660684,1,4306400180
872248612,2,4377196412
872614749,1,4306401628
874055015,1,4306401198
874386039,4,4377196919
874792244,1,4377196422
877506347,1,4306402526
878454856,1,4306401926
884043246,3,4306401751
885383172,1,4306401736
888641300,1,4306402650
904495901,3,4377196952
909854389,1,4306401594
910567637,2,4306402391
911846574,1,4377196845
913140155,1,4377196587
913958620,3,4377196287
917168660,1,4377196681
930072361,2,4306400770
1279799976,2,4377196860
1283613182,1,4377196603
1291425158,1,4306402250
1293303778,4,4377196433
1299303238,3,4306401868
1303153112,1,4306400806
1311157440,2,4306400391
1311688040,1,4306401446
1317680332,1,4306401746
1317774081,1,4306401423
1320467954,1,4306400395
1322597698,2,4306401286
1323554757,1,4306401329
1331384533,1,4306401323
1334329717,1,4377196270
1339579626,1,4306401785
1341030882,1,4306402392
1341640284,1,4306400859
2279609970,1,4306400844
2750212522,3,4306402288
2785107011,1,4306401928
2799443121,3,4306401871
2799553609,1,4306402645
2799732068,1,4306400378
2799848540,3,4306401405
2799848540,7,4306401745
2799848540,11,4306400732
2799848540,15,4306401210
2799848540,18,4306402438
2799848540,22,4306402619
2799848540,26,4306402473
2799957102,1,4306400433
2800212897,1,4306400218
2800215742,1,4306402249
2800387288,1,4306401126
2801119737,1,4306401125
2801541844,1,4377196633
2801636071,1,4306400991
2801876189,3,4377196278
2801974073,1,4377196477
2802273670,1,4306400232
2802626578,1,4306401312
2802635041,1,4306402051
2802923894,1,4377196802
2802923894,5,4306400485
3017910207,1,4306402330
3018134672,2,4306400447
3019007082,1,4306400263
3019271933,1,4306400983
3123212020,2,4377196514
3129223955,1,4306401141
3129486149,1,4306401398
3130895234,1,4306402125
3131550300,1,4306401335
3132420320,2,4377196435
3132710747,4,4306400431
3209142837,1,4377196842
4210086854,1,4377196693
4210087785,1,4306400169
4210088772,1,4306402157
4210088939,1,4377196329
4210089844,1,4306402504
4210089966,1,4377196261
4210090028,2,4306401111
4210090649,1,4377196892
4210091443,1,4306400702
4210091494,1,4306402595
4210092237,1,4377196884
4210092303,2,4306400634
4210093237,1,4377196888
4210093275,2,4306400196
4210093590,1,4306401797
4210093648,2,4306401655
4210094505,1,4306401130
4210094609,1,4306401381
4210095609,1,4377196971
4210097602,2,4306402347
4210097625,1,4377196788
4210097785,1,4377196589
4210099144,1,4306400912
4210100224,1,4306400301
4210100612,1,4306401730
4210100705,1,4306401422
4210101313,3,4306402647
4210101313,7,4306402458
4210101313,11,4306402620
4210101313,15,4306402102
4210101368,1,4306401419
4210102116,2,4306400970
4210103840,2,4306402498
4210104196,2,4306400459
4210104433,2,4306401681
4210104950,1,4306400389
4210105926,1,4306401343
4210106454,1,4306401355
4210106508,1,4306402185
4210107757,1,4306402497
4210108244,1,4306401337
4210108513,4,4377196443
4210111362,2,4306401184
4210111369,1,4306400950
4210111537,1,4306401521
4210111627,1,4306402358
4210112267,1,4306400397
4210112678,1,4377196388
4210113879,1,4377196883
4210113919,1,4306402228
4210114683,1,4306402582
4210114793,1,4306400796
4210115194,1,4306400256
4210115256,1,4377196421
4210117901,1,4306401288
4210118151,1,4306401242
4210119157,1,4306400010
4210119999,1,4306401104
4210120668,1,4306401252
4210122333,1,4306401105
4210122495,1,4306401634
4210123215,2,4377196790
4210123620,2,4306401806
4210125118,1,4306401943
4210125454,1,4306401330
4210126377,1,4306402349
4210126623,1,4306400112
4210126990,2,4306400340
4210127278,1,4306400231
4210128244,1,4306402376
4210129390,1,4306402011
4210130152,1,4306402117
4210131753,1,4306401064
4210131870,1,4377196583
4210134455,1,4306401414
4210134516,2,4306401017
4210135003,1,4306400753
4210136572,3,4306401704
4210137209,1,4306400211
4210137221,2,4306401597
4210137823,1,4306402210
4210137904,2,4306400578
4210137915,1,4306400921
4210141636,1,4306400990
4210141869,2,4306402214
4210141886,1,4377196596
4210142455,1,4306400515
4210142515,1,4306401441
4210143553,1,4306402505
4210144440,1,4306401154
4210144662,1,4377196962
4210145580,1,4306402513
4210146544,1,4306400557
4210146931,1,4377196836
4210148414,2,4306400500
4210148429,1,4306401912
4210148506,1,4306400811
4210152653,1,4306402631
4210152878,1,4306401313
4210153923,1,4377196825
4210154075,1,4306402221
4210154391,1,4306401159
4210155180,1,4306402112
4210155236,1,4306402016
4210155320,1,4377196621
4210156023,1,4306402160
4210156962,1,4306400858
4210157861,1,4306401950
4210159617,1,4306400328
4210159887,1,4377196724
4210160370,1,4306402328
4210161475,1,4306402353
4210162301,1,4377196595
4210163141,1,4306402642
4210163269,1,4306401816
4210163774,1,4306401867
4210164264,4,4306400890
4210165905,1,4377196917
4210166226,1,4377196511
241749,3,4306402441
592451,3,4306402335
592451,7,4306400751
808010,1,4306400296
2293663,1,4377196814
4064826,1,4377196605
4068193,4,4306402465
4068193,8,4377196545
4141589,4,4377196978
4141589,8,4306401188
4432739,1,4306400085
4923324,1,4306400318
5388228,2,4306400518
5444425,2,4377196916
5561750,1,4377196296
6026837,1,4377196929
7478328,1,4306400647
7597260,2,4306400457
7597260,6,4306402032
7882870,4,4377196643
8204097,4,4306400553
8248082,1,4377196852
8606887,2,4377196483
8692664,1,4306401289
8692664,5,4306401769
8833935,1,4306401897
8961855,3,4377196744
9360294,3,4306401719
9360294,7,4306401720
9360294,11,4306400629
9649716,1,4377196718
10108838,1,4377196915
10902133,2,4306400303
11023767,1,4306401294
11039511,1,4377196347
11855966,4,4306401967
11957088,1,4377196391
11986463,1,4306400547
12079687,2,4306401966
12315562,2,4306402519
12387023,1,4306401406
12524447,2,4377196530
12859529,1,4306402107
12870472,1,4306402654
15881080,1,4377196747
16097986,1,4306400245
16269868,1,4377196833
16285277,1,4306401254
16413167,1,4306402324
17194813,1,4377196974
18014758,1,4306400174
19648265,2,4377196348
19700959,2,4306401637
19820366,3,4306401864
19880235,1,4306400343
20121455,3,4306401624
20497027,1,4306401946
21104390,3,4377196838
22299242,1,4306401454
23732399,1,4306402563
24227732,1,4377196935
24354313,4,4377196948
25169866,2,4306401375
25974101,1,4306401635
26532503,1,4377196521
26999989,1,4306402396
28257850,1,4306401135
28638086,1,4306402002
29867402,1,4377196478
30338065,1,4306400685
31123050,1,4306400479
31512782,3,4377196390
32394136,1,4306401885
32625721,2,4377196608
32915989,1,4306402173
33849332,1,4306400330
35046152,1,4306402158
35364215,1,4306400952
35552710,1,4306400712
35778689,1,4377196528
35961687,1,4306401799
35961687,5,4306400042
35961687,9,4306400743
36258959,2,4306400061
37696226,1,4377196363
38517508,1,4306400195
39422238,2,4306400689
39481719,1,4306400579
41156924,3,4306402209
41156924,7,4306400279
41725924,1,4306400524
42923333,1,4306400602
42934936,2,4306401512
43406934,1,4306400293
43439940,4,4306400437
43439940,8,4377196757
43439940,12,4306400357
43439940,17,4306401046
43968019,1,4306402134
44206873,1,4377196632
44504214,2,4306400739
44852757,1,4306402035
45338645,1,4377196891
45812101,3,4306402132
46176106,1,4306400051
46247651,1,4306400554
47652572,1,4377196859
47652812,2,4306400278
48840829,1,4306400694
49502546,1,4306402501
51441396,1,4306401781
51532219,1,4377196275
51601045,1,4306400206
52353378,2,4306402180
52357470,2,4306402305
52407163,1,4377196409
52719799,1,4306402024
53618229,1,4306402192
54009628,2,4377196442
54459138,1,4306401501
55521800,1,4306402408
55892964,3,4306401021
55952717,1,4306401279
56007636,1,4306402149
56085075,2,4306400139
56441308,1,4377196446
56590836,1,4306402625
56722557,2,4377196642
57093077,1,4306401157
57589565,1,4306400499
58028834,1,4377196497
58956616,2,4377196722
59270414,3,4377196533
59411706,1,4306401932
59411706,5,4306400016
59411706,9,4306400435
59411706,13,4306401048
59411706,16,4306401055
59411706,20,4306401123
59411706,24,4306401460
59411706,28,4306400591
60053951,2,4306400701
60053951,6,4306400697
60158472,1,4306400871
60205797,1,4377196697
61544103,1,4306400580
62916508,1,4306400453
63341726,1,4306400388
63548447,1,4306402474
63634437,1,4306400963
65079550,1,4306400886
65285256,1,4306401383
66760702,1,4306402555
66809481,1,4377196949
66862912,2,4377196909
66943878,1,4306400394
66946132,2,4306401518
67256668,1,4306400269
67311998,4,4306401136
67328108,1,4306400666
70349855,1,4306401855
70368782,1,4306402031
70983195,1,4306401700
71920554,1,4306401596
71999127,3,4377196695
72253084,1,4306401499
74753095,1,4306402085
74775410,2,4306401268
75951250,4,4306401732
76198965,1,4306400059
76806599,1,4377196591
76842071,3,4306400446
78037679,3,4306401780
78757542,2,4377196471
79576946,1,4306402083
79619799,2,4306401527
79741316,1,4306400848
79839527,1,4377196771
80232743,1,4377196816
80611190,1,4306400611
82284825,1,4306401779
82767444,2,4306400313
83863532,2,4306401461
84400586,1,4306400986
85384741,1,4377196829
86420138,1,4306400829
86467917,2,4306400520
86501945,2,4377196801
86831216,1,4306401584
86897205,1,4377196864
86958956,2,4377196876
88060688,3,4306400538
88155538,1,4306401514
88273585,1,4377196380
88596544,1,4377196913
89864525,3,4306400780
90267481,2,4306400361
90281761,2,4306401079
90668476,1,4306400865
90671886,1,4306400482
90803817,1,4306401708
91045830,1,4306400291
91083438,1,4377196602
91712215,1,4306401551
91732220,1,4377196465
92864154,1,4377196562
92869138,1,4306402306
94339441,1,4377196460
94625822,1,4377196727
94722563,1,4306400563
95023434,1,4306402416
95220073,2,4306401066
95674353,1,4306401902
96580804,1,4377196513
99434035,1,4306400297
99682543,2,4306400624
100005738,2,4377196308
100066346,1,4306401556
102149020,1,4306402222
102179633,1,4306400097
102197404,2,4306402137
102373834,2,4377196463
102451721,1,4306400981
102461120,1,4306401682
102520234,2,4306400785
102669525,1,4306401443
103163165,2,4377196785
103225651,1,4377196413
103531236,2,4306400434
103531236,6,4377196628
106157433,2,4306402496
107502644,1,4306400055
107639228,1,4306400898
108103353,3,4377196373
108290504,3,4377196931
108403487,1,4377196675
108541056,1,4377196976
110002522,2,4306401237
110378019,1,4306401825
110383171,1,4306401914
111088046,2,4306402183
111236770,1,4306402640
111966504,2,4377196517
112494859,1,4306401658
112859197,1,4306400819
112862951,1,4306402436
113306721,1,4377196292
113686770,2,4306400058
113741061,1,4306400202
114017466,2,4306400467
114027177,4,4306401847
114090438,1,4306400172
114202661,4,4377196749
114202661,8,4306400171
114202661,12,4306401395
114395901,1,4377196105
114724769,1,4306400445
115304662,1,4306401465
115498069,1,4306400672
115891769,1,4306400106
117965899,1,4306401722
118020396,2,4377196506
118353179,1,4306401353
118564535,3,4306402298
118905719,1,4377196486
119443389,1,4377196424
119511950,1,4377196496
119916105,1,4306400930
120043899,1,4306401801
120156002,2,4377196366
120217413,2,4377196439
120691247,1,4306402116
121883995,1,4306401788
121980950,2,4377196327
122346577,1,4306400718
122411786,1,4306402161
122411786,5,4377196625
122534668,1,4306402571
123044942,1,4306400381
124055696,1,4306401983
125485651,2,4306402246
125749732,1,4377196306
126231945,1,4306402319
126345244,1,4377196300
126820664,1,4377196967
127077003,1,4306401340
128365640,1,4377196795
129826125,2,4306402109
130194489,1,4306400416
130218214,1,4377196745
130238516,2,4377196712
130438778,2,4306401322
130442723,2,4377196951
130701444,1,4377196313
130823665,1,4306401522
130823665,5,4306401742
130830085,1,4306400671
130905186,1,4377196926
131077856,1,4306402311
132801547,1,4377196810
133836048,1,4306402069
133837150,3,4306401853
133999245,1,4377196823
134085113,2,4306400607
134113660,2,4377196371
134560555,2,4377196614
135598925,1,4306400832
136199984,4,4377196806
138211613,1,4306400824
138689650,2,4306402448
138689650,6,4306401344
138847295,1,4306401390
138873065,1,4377196705
138938424,2,4377196492
139322472,1,4306401648
140172145,2,4306401180
140744787,3,4377196568
141472210,1,4377196779
141584323,1,4306400241
141596103,3,4306401074
141816643,1,4306400758
142016965,1,4306401672
142208455,1,4306401668
142263535,2,4306402013
142263535,6,4306402481
142444530,1,4306400480
142476485,1,4377196787
142637625,1,4306402452
142879360,2,4306401743
143302722,1,4306402623
143397708,1,4306401999
143804889,1,4306401023
144926016,2,4306401970
145311948,1,4377196299
145372079,1,4306401165
146516829,2,4306402223
147280213,1,4306400074
147554453,1,4306400178
147809708,1,4306401647
149564915,1,4306401320
149704539,1,4306402457
149744451,1,4306401623
149851306,2,4377196959
149899117,1,4306400655
150149174,1,4306400885
150314799,2,4306400197
150545354,1,4306400884
151221077,1,4306401923
151823869,3,4306400673
153562115,1,4306400542
153562115,5,4306401217
153562115,9,4306401939
153648349,1,4306402365
153976015,4,4306402406
154202486,1,4377196267
155173764,1,4306402456
155660961,1,4306402470
156118397,1,4306402589
157286207,2,4377196370
157417397,1,4306402596
157485424,1,4306402435
157614274,1,4306402225
157674565,2,4306401300
157703844,1,4306402136
157725225,3,4306401872
161103922,1,4306402267
161371597,1,4306401829
162524378,1,4306400600
162577319,1,4306400877
163151358,2,4377196773
163245316,3,4377196580
163770644,3,4306400210
164389053,3,4377196473
165230279,1,4306400161
165230279,5,4306400903
165230279,9,4306400710
165779595,1,4377196259
165972669,1,4377196754
166073570,1,4306401685
166073570,5,4306402351
166337079,1,4306401431
166843116,2,4306401108
168635309,1,4306402212
169045520,1,4306401921
169046204,1,4306400994
169108374,1,4306401964
169199633,2,4306400484
169335092,1,4306401856
169427155,2,4306402346
169541294,2,4306401119
170201317,1,4306401283
170201317,5,4306402372
170201317,9,4377196454
170201317,13,4306400967
170201317,16,4306402439
170201317,20,4306400103
170201317,24,4306400856
170201317,28,4306400417
170201317,35,4306401437
170658231,1,4377196911
170897317,1,4306402048
172787465,1,4306400163
172901346,2,4306401360
172980758,2,4377196456
173029219,1,4306400310
173304897,1,4306400567
173887773,1,4306400606
174025329,1,4306401632
174216632,1,4377196304
174458059,1,4377196837
174878644,1,4377196401
175051016,2,4306402559
175172948,1,4306400550
175532246,2,4306402418
177097968,1,4377196682
177233841,2,4306400526
177233841,6,4306401218
177639307,1,4306400523
177700922,1,4306401122
178169726,2,4377196504
178712713,1,4306400338
179225836,2,4306401592
179301192,1,4306400922
179647637,3,4377196382
180203408,1,4306402282
180825142,1,4306401940
181028852,1,4306400012
181085462,1,4306401324
181233156,1,4377196436
181343428,2,4306400071
181343428,6,4377196714
181565077,4,4306400514
182083151,2,4377196649
182451676,1,4306400309
183935753,1,4306400217
184558857,1,4306401062
184565670,2,4306400346
184616310,1,4377196598
184856343,1,4306400866
184942183,2,4306401717
185492890,2,4377196357
186414734,2,4306402415
186771145,1,4306400995
187494767,2,4306401610
188538660,3,4306401956
188760350,1,4377196322
189060766,1,4306402322
189238007,2,4306400403
189712700,1,4306401487
189731429,1,4377196571
190270569,1,4306401166
190397597,1,4377196377
192396691,2,4306401789
192455969,3,4306401988
193223587,2,4306400311
193531525,1,4377196736
194120229,1,4377196719
196349391,1,4306400353
197312921,1,4377196640
198243066,3,4306401680
199417121,3,4306400699
199691007,1,4377196555
200183955,4,4306400521
200284239,1,4306400376
200694920,1,4306401757
200745827,1,4306401909
201324441,1,4306400369
202180297,1,4306400760
202483615,1,4306402197
202524275,1,4377196392
202697423,1,4306401281
203089679,1,4306401828
203847022,1,4306400762
204136569,2,4306401187
204465549,2,4377196400
205092303,1,4306400285
205783295,2,4306400194
205783295,6,4306400404
206917445,1,4377196808
206961696,1,4306400348
212119943,1,4306401509
218177685,1,4306400013
223464139,1,4306401598
223822909,1,4306402332
231086526,1,4306401161
233745408,2,4306400851
245322490,1,4306400015
251424209,1,4306401633
254571519,1,4306402231
269685040,1,4377196630
277688954,1,4306402354
291386647,3,4377196537
302099661,1,4306401772
522815984,2,4306402277
862322245,1,4306401145
864159182,4,4377196766
864159182,8,4377196920
864159182,12,4377196701
864159182,17,4306402207
869660684,2,4306401169
872248612,1,4306401604
872945872,1,4306400200
874055015,2,4306402475
874386039,3,4377196713
874792244,2,4377196332
877107187,1,4306402603
879563668,1,4377196277
881427289,1,4306401168
904495901,4,4377196861
909854389,2,4306401593
910567637,1,4306401245
911846574,2,4377196870
913481162,1,4306400096
918821925,1,4306400979
930072361,1,4306401124
1279799976,1,4377196774
1283220839,1,4306401880
1283582996,1,4306400709
1288237921,3,4377196846
1289702989,1,4377196866
1291425158,2,4306401773
1293303778,3,4377196427
1293303778,7,4377196490
1294671590,1,4306402512
1298590031,1,4306400418
1299303238,4,4306402270
1304898440,1,4377196958
1311157440,1,4306400288
1319399744,1,4306400419
1322597698,1,4306400439
1323554757,2,4306400778
1325598122,1,4306400977
1332873766,1,4306402243
1334329717,2,4306401179
1336096307,1,4306401377
1336856363,1,4306401015
1337852284,1,4377196655
1338511612,1,4306402581
1339579626,2,4306401832
1343961013,1,4377196794
2751430930,1,4306401328
2799351866,1,4306401061
2799848540,4,4306402531
2799848540,8,4306401713
2799848540,12,4306401273
2799848540,17,4306401238
2799848540,21,4306402544
2799848540,25,4306401327
2799853480,3,4306401231
2799957102,2,4306400429
2799967260,1,4306401185
2800384882,1,4306400166
2801357902,1,4306402135
2801739420,1,4306402553
2801919071,1,4306401358
2801974073,2,4377196464
2802025818,3,4377196809
2802037141,1,4306402061
2802090665,1,4377196538
2802353815,1,4306400306
2802626578,2,4306401605
2802635041,2,4306400170
2802918869,1,4306401861
2802923894,2,4377196434
2803035111,1,4306402537
3017910207,2,4306400569
3017965041,1,4306400609
3018134672,1,4306402598
3019271933,2,4306400622
3020440027,1,4306401524
3123212020,1,4306401372
3124489027,1,4377196525
3129431789,1,4306401146
3129486149,2,4377196543
3130638595,1,4306401507
3131268038,1,4306401478
3131550300,2,4306401603
3132096736,1,4377196679
3132420320,1,4306401906
3132710747,3,4306402247
3133182661,1,4306401285
3133242944,1,4306400926
3206020590,1,4306401498
3209142837,2,4377196703
4210086457,1,4306402106
4210086682,1,4377196956
4210087179,1,4306401900
4210087457,1,4306400315
4210087484,1,4306400302
4210087516,1,4306400633
4210088449,1,4306402432
4210089966,2,4306402527
4210090028,1,4306401311
4210090616,1,4306402045
4210090649,2,4306400582
4210091878,1,4306401226
4210092303,1,4306402389
4210093237,2,4377196930
4210093275,1,4306401531
4210093275,5,4306401452
4210093648,1,4306400570
4210094198,1,4306400933
4210094609,2,4306402371
4210094725,1,4377196804
4210095969,1,4306400031
4210096337,1,4306401427
4210097083,1,4306400326
4210097146,3,4306400193
4210097602,1,4306400947
4210098594,1,4306400142
4210098674,1,4306401595
4210098980,1,4397694588
4210099144,2,4306400913
4210100283,1,4306402449
4210100610,1,4306400934
4210100705,2,4306400080
4210101313,4,4306402541
4210101313,8,4306402605
4210101313,12,4306402516
4210101368,2,4306401786
4210101417,1,4306402128
4210101489,1,4377196936
4210101560,1,4306402564
4210101791,1,4306400576
4210102116,1,4306400971
4210102140,1,4306401887
4210102904,1,4306400568
4210103840,1,4306401747
4210104196,1,4306401400
4210104433,1,4306401814
4210104502,1,4306400677
4210105639,1,4306400035
4210106281,1,4306401795
4210106508,2,4306401176
4210106610,1,4306401083
4210107691,1,4306402301
4210108513,3,4306401567
4210109052,1,4306400623
4210111362,1,4306401744
4210113919,2,4306401883
4210114217,1,4377196694
4210114793,2,4306400797
4210115145,1,4377196480
4210115194,2,4306401275
4210115942,1,4306400371
4210116089,1,4306401274
4210116283,1,4377196651
4210117254,1,4306400109
4210118913,1,4377196849
4210121150,1,4306401589
4210122449,1,4306402355
4210122495,2,4306400625
4210122787,1,4377196429
4210123215,1,4377196739
4210123529,1,4306400441
4210123620,1,4306401805
4210124175,1,4306401673
4210124223,1,4306402648
4210124779,1,4377196257
4210124929,1,4377196474
4210125118,2,4306401378
4210126377,2,4306401611
4210126689,1,4306400808
4210126990,1,4306400501
4210127365,1,4377196636
4210127711,3,4306402434
4210128723,1,4306401045
4210130036,1,4306401152
4210132580,1,4306402272
4210133815,1,4377196616
4210134516,1,4306400336
4210135321,1,4306401233
4210135666,3,4306401041
4210136192,1,4306401544
4210137209,2,4306400957
4210137221,1,4377196274
4210137611,1,4306401307
4210137904,1,4306402020
4210139634,1,4306400414
4210141869,1,4306401032
4210142219,1,4306402404
4210142515,2,4306400083
4210142658,1,4306402079
4210143688,1,4306402398
4210144440,2,4306401153
4210145204,1,4393179698
4210146544,2,4306400556
4210147564,1,4306401158
4210147807,1,4306401025
4210148414,1,4306402386
4210148506,2,4306401691
4210152404,1,4306400492
4210154294,1,4306402313
4210154391,2,4377196685
4210154901,1,4377196345
4210155180,2,4377196796
4210155183,1,4377196344
4210156362,1,4306401710
4210157616,1,4306400862
4210157861,2,4306402001
4210158089,1,4306400896
4210158193,1,4306401162
4210158496,1,4306400234
4210160370,2,4306400449
4210161027,1,4306400610
4210161440,1,4377196620
4210162706,1,4306401694
4210163302,1,4306400638
4210164264,3,4306400731
4210166131,1,4306400370
