institution_id,publisher_seq,publisher_id
43886,1,4310314540
241749,1,4310311702
310553,1,4310313215
592451,1,4310315561
629287,1,4310318776
686019,1,4310317504
951315,1,4310317831
992397,1,4310317106
1092030,1,4360969415
1443707,1,4310311049
1793135,1,4327872561
2656126,1,4310314875
4101805,1,4310318377
4339842,1,4310311682
4429535,1,4310315207
4654613,1,4310317344
4750791,1,4353042418
4780363,1,4310316206
4853710,1,4360969238
4921948,1,4310319455
5740404,1,4328143560
7863295,1,4310316286
7947594,1,4310315775
8264552,1,4310317259
8379220,1,4310318792
8765205,1,4310321661
8961855,1,4310319658
9086337,1,4320800768
9360294,1,4310317724
9617848,1,4310321129
10091056,1,4310313103
10356626,1,4310317472
10457146,1,4310315508
10805791,1,4310313122
10824318,1,4310312066
11892038,1,4310311022
11923345,1,4310317492
12176630,1,4310315223
12754707,1,4310321849
12832649,1,4310319405
14894300,1,4361730437
15089104,1,4320800557
15605915,1,4310313631
15766117,1,4310317904
15807432,1,4310313555
15823474,1,4366716136
15991598,1,4310313341
16655442,1,4310312331
16656306,1,4310313198
16775273,1,4310316648
17404232,1,4310319539
17747738,1,4360969193
17974374,1,4310312331
17994240,1,4310318164
18193975,1,4310317483
19128659,1,4310315052
19409027,1,4366064898
19820366,1,4310311940
20121455,1,4310313957
20126385,1,4310318389
20230540,1,4310315407
20561161,1,4310319302
21193070,1,4324341413
21803372,1,4310318505
24057909,1,4310319538
24185976,1,4320800603
25254941,1,4324263236
27357992,1,4320800792
27462735,1,4366305979
27765905,1,4310319941
27837315,1,4310316579
28290843,1,4310311603
28324025,1,4310316333
28777354,1,4310319426
29617571,1,4310315272
29739308,1,4361729663
29770179,1,4310315438
30290273,1,4310313574
31241351,1,4310313258
31512782,1,4310313918
31575130,1,4310311649
31595395,1,4324313544
31746571,1,4362724839
31882830,1,4310315418
31955170,1,4310316886
32232075,1,4310315791
32246829,1,4366305947
32725510,1,4310312357
32907511,1,4310316136
33858575,1,4310313435
35601441,1,4310311025
36001604,1,4310319304
36253440,1,4310320439
38365063,1,4310319551
39498419,1,4363603785
39815113,1,4310316499
40034438,1,4310312470
40120149,1,4310311647
40179345,1,4310321467
40347166,1,4310315690
40413290,1,4310317399
40790370,1,4310318277
41455075,1,4310312408
42852656,1,4328142162
43526919,1,4310312398
44202434,1,4310312246
44675526,1,4310311906
44839336,1,4310312221
45129253,1,4310311798
45391821,1,4310313635
45683168,1,4310313062
45812101,1,4310314041
47229656,1,4310319162
47410878,1,4310312805
47689905,1,4310315167
47881588,1,4310319245
47948057,1,4363602057
48379061,1,4310319054
48825208,1,4310311310
48843708,1,4310318385
49185572,1,4366065013
49663120,1,4310312913
50357001,1,4310320821
51101395,1,4310311091
51209816,1,4310318421
51314090,1,4310314790
51556381,1,4310316717
51780484,1,4310318314
52099693,1,4310311593
52135307,1,4310312648
52325981,1,4310313297
52585520,1,4310311462
53122655,1,4310313311
53210213,1,4310318285
54515432,1,4310318374
55143463,1,4310317602
55633929,1,4310315885
55712492,1,4324113353
55783418,1,4310317480
55892964,1,4310314987
56934997,1,4323999823
57206974,1,4310315946
57502794,1,4310316502
58200834,2,4353108596
58286723,1,4310319993
58918642,1,4310314730
59421653,1,4310313434
59493104,1,4310320992
59649739,1,4362724900
61554058,1,4310319018
61565387,1,4328135213
61722147,2,4366305949
63371133,1,4322765092
63471342,1,4310315479
64157871,1,4310318661
64449678,1,4366305342
64492213,1,4310318897
64532579,1,4310319106
65322002,1,4310320229
65806277,1,4310311252
66441450,1,4310313241
67388046,1,4310319046
68207295,1,4310312406
68763199,1,4310321859
69295118,1,4310322131
69740276,1,4310313548
69984877,1,4366305854
71267560,1,4310317589
71302355,1,4310318966
71999127,1,4310321022
72539421,1,4310319171
74485261,1,4324141766
74837319,1,4366067036
75027704,1,4310316583
75198481,1,4310313189
75900474,1,4324169640
75955062,1,4322699463
75957467,1,4310313247
76130692,1,4360969398
76766440,1,4310319923
76835614,1,4310316096
76842071,1,4310318878
76903346,1,4310318436
76973811,1,4310318294
77063049,1,4310312034
77063589,1,4310313235
78037679,1,4310314070
78547848,1,4310311048
78988378,1,4327988825
79238269,1,4310321045
79767729,1,4310312475
79833322,1,4362724887
80143920,1,4364297406
80850581,1,4310312379
82002896,1,4310318787
82034984,1,4310318658
83648350,1,4310312345
84218800,1,4310315571
85164137,1,4310314069
86773799,1,4310316198
86917102,1,4310313165
87216513,1,4310316364
87547150,1,4310315869
87572379,1,4310313180
87650153,1,4310315557
87780372,1,4323430483
88060688,1,4310321178
88085062,1,4310319134
88155538,3,4365382332
89652312,1,4320800799
90843659,1,4310311181
90960554,1,4310313197
91123046,1,4310320299
92178344,1,4361727489
92560967,1,4310318806
94310126,1,4365335875
94624287,1,4363603077
94951947,1,4310319790
95946905,1,4324302517
96679780,1,4310313188
96908189,1,4324096559
97018004,1,4310316103
97663771,1,4310313486
97711275,1,4310313219
98083888,1,4310313466
98358874,1,4310318546
98461037,1,4310319632
98805295,1,4310318061
98865867,1,4310316057
99041443,1,4310315879
99464096,1,4310321388
99542240,1,4310317485
99871819,1,4310315765
100188998,1,4327872559
100191712,1,4310315815
100294933,1,4310313522
100930933,1,4310315388
101100930,1,4310320763
102208913,1,4361729678
102298084,1,4310316248
102322142,1,4310316603
102379361,2,4310314351
102398690,1,4360969379
102893293,1,4310314921
103320735,1,4310317566
103402955,1,4361727466
103911934,1,4310319558
104588304,1,4310317306
104651037,1,4310316863
104946051,1,4310313430
105056648,1,4310312696
105410415,1,4310314423
106645853,1,4324301045
107139324,1,4310313567
107470533,1,4310319333
108103353,1,4310321262
108290504,1,4310317552
110166357,1,4310318693
111329961,1,4310316416
111381250,1,4360969411
111702420,1,4310317460
112090838,1,4310322210
112412981,1,4310321435
112821123,1,4310313120
113428412,1,4310320659
114832834,1,4310316783
114982161,1,4310319032
115925769,1,4310311669
116067653,1,4310317756
116953780,1,4353108593
117942362,1,4310315774
118493624,1,4310321703
118564535,1,4310317826
119203015,1,4361047345
119635470,1,4310321398
120125038,1,4310317956
120230055,1,4310317477
120825670,1,4323237918
122523194,1,4310312339
124015162,1,4310318720
124121301,1,4310314559
124938932,1,4310314740
125602781,1,4310313612
126827851,1,4310316443
128559575,1,4310319325
129043915,1,4310319984
129192303,1,4310312514
129451853,1,4310319476
129774422,1,4310317881
129844524,1,4310313274
130054616,1,4310318132
130137553,1,4310313516
130462356,1,4310313501
130750295,1,4327872739
130769515,1,4310315955
130785548,1,4310315586
131868736,1,4310319388
134635517,1,4310315055
134820265,1,4310321138
135117807,1,4310312916
135120706,1,4310319170
135237710,1,4327876850
135310074,1,4310315897
137902535,1,4310315895
137975476,1,4310313586
137996928,1,4310318347
138504249,1,4310318141
138549579,1,4310317748
138690464,1,4310311052
138958963,1,4310312718
139024713,1,4324013438
139221136,1,4310312180
139264467,1,4310319466
139660479,1,4323253483
141596103,1,4310318441
141720752,1,4310316813
141945490,1,4310313051
142401562,1,4310319529
143396566,1,4310318310
143622237,1,4310315749
143868143,1,4324396428
145468249,1,4310319152
145608581,1,4310316572
146112026,1,4310315110
146165071,1,4310312296
146583814,1,4310319789
147009085,1,4310319802
147337026,1,4310314983
148099405,1,4360969331
148158369,1,4310315184
148366613,1,4310319355
149218525,1,4310318375
150824429,1,4310313200
151075929,2,4361730452
151823869,1,4310320650
152031979,1,4328135262
152456871,1,4310318884
153390918,1,4310318880
153473198,1,4324004203
153718931,1,4310313039
153901656,1,4310316911
154016704,1,4310316760
154093214,1,4361727539
155781252,1,4310316919
155936010,1,4310314586
156341307,1,4310318969
157725225,1,4310315930
158012942,1,4362724881
158123994,1,4310313204
158509141,1,4310312303
158552681,1,4310317260
158675288,1,4310313728
160253776,1,4310314884
160664669,1,4310315809
160993911,1,4310319749
161296585,1,4310313570
161321875,1,4310318450
163137577,1,4310312612
163205636,1,4310319102
163245316,1,4310315412
163732180,1,4366370602
163770644,1,4310313111
164915025,1,4323431128
165339363,1,4310321244
165390105,1,4310315321
165560825,1,4310319133
165733156,1,4310315751
165737746,1,4310314196
165932596,1,4310317089
166401450,1,4310318167
166722992,1,4310315630
167234411,1,4310318305
167261309,1,4310311858
167994656,1,4310313729
168036236,1,4310321505
168356945,1,4310313222
169016828,1,4310313336
169019527,1,4362724840
169071405,1,4327874764
169251466,1,4310316718
169689159,1,4363609405
169719367,1,4310313471
170013655,1,4310319021
170147902,1,4310313338
170230895,1,4310317354
170239107,1,4310318027
170726198,1,4310321164
170751988,1,4353108590
171256487,1,4310319165
171494771,1,4310320620
172446870,1,4310317531
173089394,1,4310312740
173145899,1,4310313415
173654999,1,4310320259
173759888,1,4310311944
173865709,1,4310313645
173911158,1,4324047741
173915773,1,4310313650
174659583,1,4310315736
176861719,1,4310319023
177671886,1,4310314960
177725633,1,4310311956
179026463,1,4366305912
179066132,1,4310314519
179647637,1,4310319912
180519160,1,4310317198
180629606,1,4310314791
180726961,1,4366305664
180923762,1,4310313930
181231927,1,4310315389
181401687,1,4310315694
181877577,1,4323289042
182072364,1,4320800701
182534213,1,4310318480
182627622,1,4310311206
183006215,1,4366067047
183067930,1,4320800561
185286233,1,4310314551
185423133,1,4310313519
186143895,1,4310316281
186803428,1,4310313029
187481652,1,4310319610
187531555,1,4310317178
188538660,1,4310316710
188700360,1,4310313152
189075073,1,4310318102
189575948,1,4310318988
190085865,1,4310312340
190508380,1,4310313333
190734841,1,4310319390
191420491,1,4310321226
192392021,1,4310319274
192455969,1,4310313002
192703252,1,4310318235
192928004,1,4310318856
193615760,1,4310318302
193621155,1,4310314966
193662353,1,4365922604
193670377,1,4310319291
193758575,1,4310313604
194450716,1,4322696411
195444995,1,4310313465
196345858,1,4366305987
197191942,1,4310312899
197251160,1,4310319208
197274945,1,4310313208
197524780,1,4310312727
197869895,1,4361727540
197907453,1,4310318356
198068145,1,4310318422
198105771,1,4310319382
198243066,1,4310319185
198371094,1,4310312652
198876898,1,4310319028
199417121,1,4320800611
199639920,1,4310315704
200399037,1,4310315840
200763008,1,4310313929
201448701,1,4310321323
201663027,1,4310313502
201713289,1,4310319970
201787326,1,4310314131
201800536,1,4310313470
202419968,1,4310319025
202899961,1,4310315001
203951103,1,4310313306
204403938,1,4310316858
205349734,1,4310313472
205571821,1,4310319600
205984670,1,4310314200
206324368,1,4324004144
207227095,1,4310311029
208086522,1,4310321436
215126927,1,4310313621
217764696,1,4310318419
219193219,1,4310316445
222723317,1,4310311963
224309722,1,4310312588
226123470,1,4310312205
226567900,1,4310315188
243381257,1,4324263146
250102252,1,4310319845
271457894,1,4310318217
290007724,1,4365382119
305452717,1,4310313275
315070680,1,4310317221
317356780,1,4310313479
319874951,1,4362726025
332011152,1,4310318903
342859970,1,4310318844
347891763,1,4310316169
874386039,1,4310318145
877176835,1,4310319139
883679329,1,4310321141
887846188,1,4310322237
888729015,1,4310316787
891191580,1,4310317233
901221460,1,4310311471
902853133,1,4310319540
912052591,1,4310319552
916541031,1,4310319647
917866944,1,4310318951
918117844,1,4310311381
1283104182,1,4310322659
1284762954,1,4366305919
1286329397,1,4310319934
1286959531,1,4310321776
1288051870,1,4310320232
1288237921,1,4310319893
1288894424,1,4310312968
1289006721,1,4310315908
1289490764,1,4310315581
1290523313,1,4310315419
1290603121,2,4310319664
1293066303,1,4310321002
1293226324,1,4310311059
1294382768,1,4320800771
1295345811,1,4320800808
1298207432,1,4310311770
1298742617,1,4310316411
1299907687,1,4310316102
1300995848,1,4324044503
1301991143,1,4310316076
1302094580,1,4310315734
1303444417,1,4310315590
1306486109,1,4310320119
1308171952,1,4310319266
1310145890,1,4310316166
1311060795,1,4365365866
1311968801,1,4310316316
1313323035,1,4310320535
1314996769,1,4310320274
1315135799,1,4360969364
1315718997,1,4310318845
1315885867,1,4310320068
1316555468,1,4310320358
1316901054,1,4310316218
1316902750,1,4310315641
1318720529,1,4310315862
1321434546,1,4310313653
1323638106,1,4310313488
1325388108,1,4310311450
1328803932,1,4310320275
1330427975,1,4361184505
1334357443,1,4310316832
1334729051,1,4361727461
1335369389,1,4310319314
1337826666,1,4310316031
1338124936,1,4310316263
1338920048,1,4310316706
1340031499,1,4310312110
2608206482,1,4310319805
2799320822,1,4310315582
2799340341,1,4310314434
2799345729,1,4310311581
2799421115,1,4310319457
2799463576,1,4310320860
2799478738,1,4320800677
2799504096,1,4310320997
2799504677,1,4310311502
2799591525,1,4310314345
2799699971,1,4310315764
2799711085,1,4320800787
2799789293,1,4366064858
2799802871,1,4353108577
2799809383,1,4361063403
2799848597,1,4310316708
2799866671,1,4310320155
2799870028,1,4310318943
2799877461,1,4310316174
2799898848,1,4310317285
2799957854,1,4310315545
2800335069,1,4327874775
2800371562,1,4310317618
2800374468,1,4310319346
2800509468,1,4310315717
2800663060,1,4310316861
2800710378,1,4327990064
2800776178,1,4310316455
2800780887,1,4310315962
2800865746,1,4310313344
2800879674,1,4310320508
2800929589,1,4310315620
2800937576,1,4310315995
2800959905,1,4361727482
2801003698,1,4310315886
2801008851,1,4310313068
2801045415,1,4310322393
2801071008,1,4310320965
2801112251,1,4320800687
2801132478,1,4322698135
2801160905,1,4310312608
2801191277,1,4310315851
2801273398,1,4310315821
2801322379,1,4366305913
2801343178,1,4320800526
2801355324,1,4310314311
2801481043,1,4323237705
2801587414,1,4310320289
2801662971,1,4310318375
2801771485,1,4324004175
2801822491,1,4310320204
2801848881,2,4322545313
2801851002,1,4310315711
2802093357,1,4310319736
2802164974,1,4310315772
2802198758,1,4310315912
2802284350,1,4310320089
2802375293,1,4310317833
2802420788,1,4365382234
2802499566,1,4366305339
2802594231,1,4310316545
2802730293,1,4310315647
2802758316,1,4366067048
2802886305,1,4310312150
2802894008,1,4320800695
2804671551,1,4310316723
2804838664,1,4310320279
2887429400,1,4310313157
2901054986,1,4310313057
2909690660,1,4310316431
2966420660,1,4365379463
3017928408,1,4310312137
3018035901,1,4310312275
3018591564,1,4310314826
3019523068,1,4310317458
3019978174,1,4310314809
3020002803,1,4310312235
3020652664,1,4310312464
3036987187,1,4323830093
3063037464,1,4310316185
3122748864,1,4310314623
3123529209,1,4310312617
3125347698,1,4310314576
3129536290,1,4310314979
3129709771,1,4310318186
3129828962,1,4310311016
3130508606,1,4310315053
3130805194,1,4310318127
3130994585,1,4310318224
3131147008,1,4310313441
3131720328,1,4310313443
3132060171,1,4310320771
3132561136,1,4310315078
3132601863,1,4310318854
3132710747,1,4310315159
3132940433,1,4310318804
3133131564,1,4310314943
3133134087,1,4364318730
3133232569,2,4310312640
4210086012,1,4310313883
4210086059,1,4360969394
4210086623,1,4310315730
4210086678,1,4365382806
4210087107,1,4361866439
4210087849,1,4310311038
4210088480,1,4310312047
4210088969,1,4310319926
4210089052,1,4310312048
4210089311,1,4324113702
4210089634,1,4310316504
4210089956,1,4310320364
4210090826,1,4310315178
4210090957,1,4310312750
4210092013,1,4310311458
4210092355,1,4310317082
4210092572,1,4310313651
4210092944,1,4327889177
4210093101,1,4310318772
4210093239,1,4320800693
4210093363,1,4310314336
4210093398,1,4310315330
4210093739,1,4362561682
4210093895,1,4310316165
4210094598,1,4323253593
4210096130,1,4310312801
4210097013,1,4310316064
4210097309,1,4324114251
4210097524,1,4310319491
4210097809,1,4310313573
4210098167,1,4310312601
4210098913,1,4310319604
4210099069,1,4322696523
4210100170,1,4310321079
4210100492,1,4310314651
4210100529,1,4310320060
4210100699,1,4310312516
4210101183,1,4310317191
4210101654,1,4310315094
4210101766,1,4310320054
4210101969,1,4310319401
4210102700,1,4310311282
4210102756,1,4310311314
4210103357,1,4310314926
4210103603,1,4310312388
4210104277,1,4310319481
4210104376,1,4310316251
4210105059,1,4310314982
4210105143,1,4310319645
4210105191,1,4320800598
4210105373,1,4310322266
4210105654,1,4310319663
4210105812,1,4310316494
4210106086,1,4310314912
4210106312,1,4310312109
4210106325,1,4362724836
4210107179,1,4310320653
4210107582,1,4324004153
4210107837,1,4310315409
4210108195,1,4310316745
4210108513,1,4310322067
4210108824,1,4324096563
4210108912,1,4366067033
4210108944,1,4310311973
4210109214,1,4310316756
4210109553,1,4310311714
4210110238,1,4310312027
4210110566,1,4310312366
4210110609,1,4361730454
4210110620,1,4353108609
4210110951,1,4310315560
4210111398,1,4310315072
4210113909,1,4310322347
4210114361,1,4310312646
4210115334,1,4310317626
4210115513,1,4360969240
4210115636,1,4310312154
4210115739,1,4310314443
4210116419,1,4310313894
4210116524,1,4310311490
4210116871,1,4310316519
4210116930,1,4310312293
4210117382,1,4366067026
4210117716,1,4310313452
4210117859,1,4310314919
4210117975,1,4310314880
4210117991,1,4310312728
4210118133,1,4310312216
4210118181,1,4310313659
4210118375,1,4310312603
4210118723,1,4310316477
4210119063,1,4310318496
4210119301,1,4310313396
4210119449,1,4310318937
4210119981,1,4310314451
4210120266,1,4310322158
4210120635,1,4310317278
4210120897,1,4310314843
4210121199,1,4310312961
4210121726,1,4365368858
4210121739,1,4310312316
4210121822,1,4310313054
4210122936,1,4310320098
4210123605,1,4310312823
4210123613,1,4310312049
4210124537,1,4310314160
4210124565,1,4310312582
4210124661,1,4310317262
4210124786,1,4310315161
4210124933,1,4310316835
4210125108,1,4310314065
4210125198,1,4310313141
4210125238,1,4310317317
4210125259,1,4310315778
4210125529,1,4310317402
4210125957,1,4310312006
4210126214,1,4310316852
4210126294,1,4310314133
4210126704,1,4310318900
4210126978,1,4310314323
4210127018,1,4310312629
4210127182,1,4310321932
4210127211,1,4310318851
4210127711,1,4310318056
4210127917,1,4310311177
4210128695,1,4310319050
4210129066,1,4310320135
4210129690,1,4310312768
4210129735,1,4324133242
4210129949,1,4310319230
4210130246,1,4310314318
4210131416,1,4310314301
4210131924,1,4310318078
4210131948,1,4310316369
4210133472,1,4310319019
4210133698,1,4310321136
4210134041,1,4310311749
4210134584,1,4310317465
4210134663,1,4310311109
4210134767,1,4310314389
4210135666,1,4324392716
4210136187,1,4310319615
4210136522,1,4310313147
4210136607,1,4310312671
4210136663,1,4310318849
4210136682,1,4362726026
4210136792,1,4310312215
4210137987,1,4310318170
4210138102,1,4310312424
4210138297,1,4322510200
4210139579,1,4310312096
4210139960,1,4310316279
4210140465,1,4310322008
4210140555,1,4310318147
4210140884,1,4361181165
4210140949,1,4310314754
4210141545,1,4310316178
4210141710,1,4362561675
4210141819,1,4310319474
4210142087,1,4310319580
4210142290,1,4310319243
4210142873,1,4353108608
4210143550,1,4310322525
4210144542,1,4310314228
4210144582,1,4327889413
4210144611,1,4362726119
4210144729,1,4310312480
4210145006,1,4310316601
4210145466,1,4310318902
4210145889,1,4310314365
4210145990,1,4310311997
4210146333,1,4310314364
4210146344,1,4310314923
4210146908,1,4310319657
4210146937,1,4310316276
4210147111,1,4310320104
4210147391,1,4310315926
4210147939,1,4310318958
4210148763,1,4310319489
4210149165,1,4310314627
4210149466,1,4310316412
4210149665,1,4310315860
4210150135,2,4310313851
4210150439,1,4310314978
4210150838,1,4310317039
4210150931,1,4310312175
4210150934,1,4310318917
4210151615,1,4324309669
4210151820,1,4310313287
4210151929,1,4360969489
4210152187,1,4310312627
4210152247,1,4310312690
4210152747,1,4310313072
4210153025,1,4310314722
4210153166,1,4310314234
4210153948,1,4310318196
4210153961,1,4310318454
4210154195,1,4310315521
4210154851,1,4327875412
4210155044,1,4310315760
4210155147,1,4310315194
4210155211,1,4310318945
4210155383,1,4310320443
4210155659,1,4366716306
4210156186,1,4310319512
4210157347,1,4310312280
4210157350,1,4310312556
4210158665,1,4310315002
4210159387,1,4310313266
4210159622,1,4310320739
4210159643,1,4310314216
4210159778,2,4323966142
4210160218,1,4310312305
4210160457,1,4310318979
4210160531,1,4360969430
4210160579,1,4310318481
4210160603,1,4310320990
4210160758,1,4310318846
4210160793,1,4324001546
4210162266,1,4310317428
4210162755,1,4310317360
4210162876,1,4310312278
4210164240,1,4310317351
4210165668,1,4310320449
4210166127,1,4310316768
4210166176,1,4310315827
4210167285,1,4310312439
4362561690,4,4310311671
4362561690,8,4310311891
4362561690,12,4310312461
4362561690,17,4310312935
4362561690,21,4310313205
4362561690,25,4310314115
4362561690,29,4310315416
4362561690,34,4310315758
4362561690,38,4310315910
4362561690,42,4310316006
4362561690,46,4310316318
4362561690,51,4310316725
4362561690,55,4310317726
4362561690,59,4310318496
4362561690,63,4310318791
4362561690,65,4310319053
4362561690,69,4310319613
4362561690,73,4310320083
4362561690,77,4310320558
4362561690,80,4310320595
4362561690,84,4310321136
4362561690,88,4310321339
4362561690,92,4310322525
4362561690,99,4327874768
4362561690,103,4360969405
4362561690,107,4365921336
52325,1,4310312226
2426469,1,4327904644
2699952,1,4310312444
3410338,1,4310321438
4432739,1,4310314104
4472751,1,4323283983
4576418,1,4310321127
5561750,1,4310317693
5791819,1,4310319568
6178835,1,4310313112
6446798,1,4310313618
7780909,1,4310311776
8189217,1,4310317506
8692664,1,4310316126
8833935,1,4310321508
9364636,1,4310316759
9842412,1,4365383855
9916479,2,4366111318
10660446,1,4361729675
10899854,1,4322614466
11023767,1,4310313421
11039511,1,4310317707
11865174,1,4310315140
11893660,1,4310319445
12150220,1,4362726136
12387023,1,4310318300
12393601,1,4322765052
12411659,1,4360969329
12834331,1,4310316584
14044430,1,4310312920
15366983,1,4310318183
15881080,1,4310318185
16097986,1,4310321408
16197041,1,4310314839
16269868,1,4362643763
16295237,1,4324311028
16465266,1,4310315531
16609230,1,4320800626
16748637,1,4310318361
16778253,1,4310317444
17120543,1,4310319309
18167132,1,4310312576
18452120,1,4360969336
19880235,1,4310312644
20089843,1,4310316273
20521324,1,4310321241
20616075,1,4361729674
21203515,1,4310312850
21491767,2,4310320904
22299242,1,4310313424
23925101,1,4310312061
24201400,1,4362643792
24943067,1,4353038660
25355098,1,4327889159
25399158,1,4310319392
26805570,1,4323830095
26999989,1,4310315345
27804330,1,4310316608
27897274,1,4310317676
29078338,1,4310317556
29457043,1,4310313168
29920723,1,4310321163
30185850,1,4310318789
30338065,1,4310312517
31351285,1,4310312019
31466659,1,4310319651
31698873,1,4310315648
31766871,1,4310319530
31847773,1,4324114324
32881790,1,4310311531
33849332,1,4310321684
34155123,1,4310311917
34942010,1,4310319665
35046152,1,4310312338
35364215,1,4310315839
35427347,1,4310315228
35961687,1,4310318837
36243813,2,4362724850
36399199,1,4324263168
36646682,1,4310313164
37461747,1,4324114473
37696226,1,4310314474
38877650,1,4310311943
39018119,1,4310313199
39268498,1,4310319080
39481719,1,4310312941
39642139,1,4310319101
40479246,1,4360969429
40963666,1,4360969355
41047195,1,4310318916
41147446,1,4328141810
41198531,1,4362643793
41661162,1,4310313419
41775361,1,4310319072
41832843,1,4310319020
42999171,1,4310313528
43406934,1,4310312995
43968019,1,4310317124
44314228,1,4310312081
44902217,1,4310313403
45205469,1,4310313540
46000314,1,4310318414
46020346,1,4310315709
46943848,1,4310313332
47720641,1,4310311954
47838141,1,4310315692
48074715,1,4310312879
48126063,1,4310313585
48430043,1,4310311081
50760025,1,4360969211
51532219,1,4310311619
51601045,1,4310311699
52064589,1,4366716198
52407163,1,4310318292
54459138,1,4310311863
55191168,1,4310316347
55545905,1,4310315719
55769427,1,4310316241
55952717,1,4310320770
56007636,1,4310311618
56590836,1,4310317966
57093077,1,4360969326
57361664,1,4310313195
58089638,1,4310313105
58704786,1,4310313196
59411706,1,4310317268
59606676,1,4310312131
59986765,1,4310318858
61057504,1,4324096549
61951971,1,4310320263
62396329,1,4310311154
62916508,1,4310313768
62921916,1,4310312030
63634437,1,4310321223
64222039,1,4310318773
65285256,1,4310318237
65481309,1,4310319637
66760702,1,4310318672
66809481,1,4310317926
66883779,1,4362724863
67009956,1,4310319034
67256668,1,4310322238
68213504,1,4310316957
68870429,1,4310311786
70349855,1,4310319402
70368782,1,4310318138
70640408,1,4310319141
70876197,1,4310319068
72227227,1,4310311036
72253084,1,4310313202
72341708,1,4310319114
73613424,1,4310313346
73822459,1,4310318146
74788687,1,4310314467
75092371,1,4310314387
76078494,1,4310313123
76214153,1,4323253671
78724572,1,4310316897
79274474,1,4310315509
79576946,1,4310316230
79669737,1,4310313442
79889768,1,4310312416
79946792,1,4310318284
80538482,1,4310318320
80626142,1,4361727493
82497590,1,4310316320
82880672,1,4322696464
83714178,1,4324096554
84554738,1,4310312223
84909340,1,4310311539
86420138,1,4310316304
86710422,1,4310313115
87208437,1,4310316181
87445476,1,4322764866
87482320,1,4310319280
87710204,1,4361727528
88155538,1,4310320988
88273585,1,4310312537
88830068,2,4365335875
89015989,1,4362726040
89466785,1,4362724892
90183372,1,4366067040
90678064,1,4310319326
90803817,1,4310318918
91045830,1,4310315613
91203450,1,4310319196
91712215,1,4310313833
91732220,1,4310318840
93477617,1,4360969300
94294566,1,4310318317
94305156,1,4310318677
94611258,1,4322762133
94722563,1,4310320377
95457486,1,4310316198
95674353,1,4310321106
95990688,1,4310319041
96415178,1,4310314239
96580804,1,4310321035
96916377,1,4310319383
97626857,1,4310319120
98301867,1,4310315277
98635879,1,4310319238
98720382,1,4310318073
98813999,1,4320800610
99065089,1,4353108601
99434035,1,4310311808
102179633,1,4310316039
102461120,1,4310316105
102669525,1,4310315146
102939073,1,4310312534
103313812,1,4310318003
103583917,1,4310319308
103703290,1,4310318360
107371206,1,4310312029
107639228,1,4310316167
107672454,1,4310316354
108688024,1,4327983454
108743333,1,4360969285
110378019,1,4310316758
110383171,1,4310316874
111199411,1,4310319324
111398093,1,4310317468
111971639,1,4361727516
112862951,1,4310317563
113281461,1,4310312938
113306721,1,4310313418
113766436,1,4310313118
113940042,1,4366305877
114234892,1,4327988820
114395901,1,4310315950
114756412,1,4310319654
114794399,1,4362724869
115304662,1,4310322225
115364640,1,4310316860
115498069,1,4310313436
117532281,1,4360969190
117965899,1,4310315701
118353179,1,4310316331
118803816,1,4324311550
118905719,1,4310314510
119273862,1,4361727519
119443389,1,4310316764
119806188,1,4310313237
120043899,1,4310313629
120514687,1,4310319099
120691247,1,4310313963
121296143,1,4324001559
121934306,1,4310315753
122146667,1,4310313214
122346577,1,4310317690
123001628,1,4310312415
123044942,1,4310321235
123443094,2,4322697127
124055696,1,4310317202
124227911,1,4310319203
125219893,1,4310321303
125749732,1,4310312975
125830269,1,4310319267
126406834,1,4310317371
126592722,1,4310313370
127110123,1,4310312067
127336678,1,4310311012
127670440,1,4310319301
128365640,1,4310316239
129708740,1,4360969417
130194489,1,4310321247
130218214,1,4310315177
130474213,1,4310315527
130823665,1,4310312767
131077856,1,4310311453
131835042,1,4310318324
134023368,1,4310317860
134820265,3,4362726015
134987099,1,4310318774
135598925,1,4310313373
135714990,1,4324304531
135836153,1,4323366845
136040515,1,4310320735
136754270,1,4310312276
137506752,1,4360969405
137562272,1,4320800760
137725305,1,4310321803
137867983,1,4327627868
138211613,1,4310317906
138847295,1,4310321113
138873065,1,4310316107
139322472,1,4310321805
140942544,1,4310314972
141479679,1,4310313108
141584323,1,4310311744
142016965,1,4310319300
142208455,1,4310314308
142340749,1,4310312499
142444530,1,4310317730
142910587,1,4310317549
143302722,1,4310316785
143413998,1,4324142767
143914637,1,4310318410
145236414,1,4362643896
145311948,1,4310316510
145372079,1,4310319183
145423581,1,4310316332
145689991,1,4310312412
145897649,1,4360969425
146083938,1,4310313531
147230869,1,4361727473
147280213,1,4310319609
147791725,1,4310314958
149240348,1,4361730440
149481174,1,4310313372
149564915,1,4310313163
149704539,1,4310317996
149735164,1,4324306067
149744451,1,4310316537
149899117,1,4310313913
150240954,1,4310313428
150274313,1,4310320072
150702061,1,4310321191
151201029,1,4310318166
151727225,1,4320800776
151893264,1,4324113794
152113546,1,4310311545
152650591,1,4310318921
153562115,1,4310315219
153648349,1,4310311553
153687341,1,4362726017
153843547,1,4310313213
154202486,1,4310311092
154341788,1,4360969387
154425047,1,4310313082
154833797,1,4366305967
154864474,1,4310319351
155173764,1,4310316089
156971308,1,4310313185
157417397,1,4310316079
157507598,1,4324263043
157614274,1,4310315336
157703844,1,4310321182
157773358,1,4323972192
159488224,1,4310313597
159948400,1,4320800752
161045824,1,4324113753
161103922,1,4310313907
161346416,1,4324113248
161371597,1,4310322526
161941770,1,4310317838
162148367,1,4310315505
162577319,1,4310316859
162868743,1,4320800660
163340411,1,4362726013
165230279,1,4310314959
165368041,1,4310314050
165779595,1,4310318045
166073570,1,4310314957
166459259,1,4310319040
166993812,1,4310320728
167027274,1,4366370209
167274908,1,4361730453
167360494,1,4310313906
168635309,1,4310310973
168719708,1,4310311972
169045520,1,4310312039
169046204,1,4310319646
169108374,1,4310321029
169335092,1,4310315871
170201317,1,4310316479
170253739,1,4310321718
170897317,1,4310315572
172787465,1,4310315491
173304897,1,4310321044
173761726,1,4310318319
173887773,1,4310322395
174216632,1,4365331599
175172948,1,4310313182
176838256,1,4310312234
177136067,1,4310313425
177700922,1,4310313106
177909021,1,4310312310
177933477,1,4361730249
179948855,1,4310318308
180203408,1,4310313309
180634299,1,4310319143
181028852,1,4310318886
181063083,1,4310319288
181085462,1,4310315318
181105335,1,4310317514
181391015,2,4362724918
181840440,2,4310321836
183935753,1,4310311857
184468904,1,4310319149
184490438,1,4324263127
184843921,1,4327872557
184983240,1,4320800692
185571130,1,4310314845
186272606,1,4362643775
187420256,1,4310312188
189060766,1,4310316837
189238007,2,4363609273
189914110,1,4310318801
189957204,1,4310316322
190397597,1,4310317598
190444043,1,4310322009
191351166,1,4310320477
191996457,1,4328141921
193181351,1,4310319650
193531525,1,4310316017
193629610,1,4310314057
194701111,1,4310321723
195575238,1,4310316298
196355604,1,4310312641
196659088,1,4310315702
198694009,1,4310320257
199305430,1,4324113250
199688382,1,4310317352
199691007,1,4310311989
199921877,1,4362726139
200284239,1,4310321655
200734791,1,4310311780
201324441,1,4310317673
201719341,1,4310313191
202028630,1,4361727520
202126657,1,4360969423
202180297,1,4310312858
202391551,1,4310314171
202483615,1,4310321142
203089679,1,4310315150
203765153,1,4310313431
204250578,1,4310315575
204823248,1,4323982289
204983213,1,4320800617
205092303,1,4310311471
206011266,1,4310313389
207014233,1,4310313293
207319670,1,4320800600
207399273,1,4310313107
208215962,1,4310311297
208626154,1,4310314595
211738395,1,4310312870
212119943,1,4310313033
223893228,1,4361729655
224714102,1,4310316609
224962290,1,4310318278
227875332,1,4310318842
231086526,1,4310317274
231847692,1,4310318888
232763632,1,4310321891
235686326,1,4310320389
245213965,1,4310319553
249708551,2,4353108563
251424209,1,4310321401
254571519,1,4310318378
262776074,1,4310318831
269199756,1,4310312658
269685040,1,4366370258
278735395,1,4310322211
294094635,1,4310312869
305801656,2,4322697539
322348216,1,4310318793
336214392,1,4365924508
385303915,1,4353108602
385545280,1,4310321427
513052231,1,4310313349
753758085,1,4320800784
862322245,1,4310318940
865767359,1,4310316361
870392255,1,4362561680
872945872,1,4310313035
874609350,1,4310311416
879563668,1,4310312335
881427289,1,4310317118
888564091,1,4310311242
894554748,1,4322614974
899635006,1,4310311256
905292528,1,4310314099
908820301,1,4310319156
911713783,1,4310315535
918821925,1,4310321197
927159995,1,4310316053
1285663327,1,4310315931
1286561144,1,4310316415
1286596005,1,4310311828
1286922834,1,4310318740
1288323106,1,4310311783
1288623742,1,4310315400
1290095210,1,4310315937
1294174254,1,4310315983
1294671590,1,4310311411
1295044509,1,4323867253
1295435021,1,4310311586
1296637509,1,4310316716
1297244568,1,4310320261
1298590031,1,4310313171
1300757298,1,4361727477
1301669915,1,4310314835
1306554552,1,4320800720
1306564943,1,4320800682
1308126019,1,4310315696
1308199089,1,4324004240
1311157440,1,4310318232
1312240494,1,4310311687
1313505808,1,4310315727
1315085146,1,4310312300
1316675753,1,4310312187
1316817406,1,4310316222
1318644421,1,4323985470
1319796525,1,4310316153
1319815248,1,4310312991
1320320070,1,4310315695
1321014770,1,4310319798
1321067030,1,4310311785
1321642675,1,4310312344
1327163397,1,4310315898
1327576362,1,4310316186
1328775524,1,4363602691
1329087975,1,4310316080
1332873766,1,4310318944
1335927249,1,4310316088
1336856363,1,4310311881
1338135719,1,4310313073
1340796974,1,4322614468
2608559034,1,4310320278
2751430930,1,4310320556
2799287733,1,4310315643
2799293361,1,4360969207
2799302921,1,4310320307
2799363308,1,4310319954
2799382671,1,4310319932
2799387524,2,4361727527
2799486974,1,4363609522
2799517603,1,4310319206
2799517769,1,4310316036
2799643457,1,4310318033
2799653194,1,4310317049
2799799543,1,4310315804
2799803830,1,4310316882
2799850029,1,4366111245
2799929041,1,4310311750
2799962182,1,4320800553
2799962816,1,4310316188
2799967260,1,4310312815
2800083718,1,4310320264
2800091995,1,4320800639
2800129774,1,4310315943
2800166025,1,4310318861
2800167862,1,4323284795
2800247539,1,4310320300
2800374234,1,4310321789
2800385965,1,4310313558
2800400464,1,4310319606
2800504893,1,4310313038
2800863668,1,4310315831
2800903837,1,4310316628
2800955015,1,4310315941
2800965796,1,4310319312
2801011858,1,4310316594
2801025900,1,4310316881
2801035721,1,4310315939
2801051648,1,4353107049
2801068479,1,4327903388
2801301638,1,4310319195
2801312763,1,4360969378
2801405528,1,4310318553
2801529014,1,4310314562
2801578167,1,4310319844
2801658687,1,4310316232
2801819261,1,4310311264
2801888014,1,4310315781
2801918705,1,4310316357
2801922374,1,4310312351
2801957816,1,4310315979
2802039288,1,4310313124
2802058688,1,4310312688
2802090361,1,4310313071
2802232105,1,4310313250
2802261080,1,4360969251
2802403929,1,4310315583
2802459333,1,4361729651
2802510795,1,4310316359
2802541053,1,4361730467
2802599571,1,4320800681
2802601154,1,4310315906
2802627858,1,4310311875
2802644128,1,4310315710
2802697327,1,4310313975
2802865357,1,4310315465
2802889272,1,4310317502
2802899671,1,4310316753
2802970181,1,4310320254
2803209242,1,4310316177
2885812291,1,4310315653
2898587076,1,4360969268
2952431032,1,4320800685
3017965041,1,4310319136
3018837529,1,4310314863
3020440027,1,4310312765
3020668385,1,4310312062
3121512035,1,4310315481
3123212020,1,4310322045
3124059619,1,4361047292
3124161356,1,4310314273
3124489027,1,4310312761
3129565396,1,4310312421
3129743071,1,4310312483
3129804457,1,4310315477
3130212672,1,4310313535
3130237646,1,4310318087
3130456415,1,4324004195
3130674585,1,4310314733
3130788380,1,4310312405
3130814859,1,4361727510
3131268038,1,4310318942
3131416625,1,4310322589
3131493221,1,4310313128
3131590621,1,4310313401
3131880250,1,4310318098
3132238960,2,4322697011
3132310118,1,4310313132
3132320630,1,4310317083
3132420320,1,4320800715
3132699434,1,4310319116
3132802412,1,4310315165
3132882781,1,4360969440
3133194271,1,4310318815
4210085863,1,4310320595
4210086300,1,4310313359
4210086933,1,4310316131
4210087409,1,4310311656
4210087727,1,4310311451
4210088377,1,4310315713
4210088791,1,4310314572
4210088984,1,4310312174
4210089246,1,4310315670
4210089278,1,4310312070
4210089393,1,4310316868
4210089516,1,4310316597
4210089651,1,4310315699
4210090076,1,4310311270
4210091060,1,4310319937
4210091279,1,4310311144
4210091408,1,4324113518
4210091782,1,4310322000
4210091878,1,4310319232
4210091883,1,4310319847
4210092286,1,4310312613
4210092303,1,4310318433
4210093275,1,4310320511
4210093661,1,4310311548
4210093830,1,4310311405
4210094257,1,4328141799
4210094384,1,4310321509
4210094953,1,4320800568
4210095273,1,4310311250
4210095631,1,4310312082
4210095813,1,4310313864
4210096416,1,4310321747
4210096578,1,4310312375
4210096893,1,4310315311
4210096913,1,4310315209
4210097469,1,4310312929
4210097719,1,4310319237
4210098428,1,4310312393
4210098440,1,4310322507
4210098594,1,4310318841
4210098767,1,4365924705
4210098821,1,4310320239
4210098880,1,4327876834
4210098985,1,4310316755
4210099004,1,4322615049
4210099996,1,4310318802
4210100131,1,4310317420
4210100674,1,4310318820
4210100920,1,4310311919
4210101246,1,4310312665
4210101323,1,4360969233
4210101920,1,4310320357
4210102132,1,4310312423
4210102583,1,4310311711
4210103459,1,4310312080
4210104252,1,4360969231
4210104885,1,4310312829
4210105595,1,4310317414
4210106163,1,4310318939
4210106329,1,4310320248
4210106570,1,4310312460
4210106694,1,4310313511
4210107578,1,4310320108
4210107734,1,4361727512
4210107780,1,4320800716
4210107857,1,4310322363
4210107865,1,4361074907
4210108054,1,4310314744
4210108175,1,4310315003
4210108309,1,4310319443
4210108857,1,4310317267
4210110804,1,4310319999
4210111212,1,4310314756
4210111709,1,4310320448
4210111720,1,4310316533
4210112185,1,4310314349
4210112586,1,4310322769
4210112704,1,4310317265
4210113285,1,4310312606
4210114043,1,4360969272
4210114648,1,4310314951
4210115129,1,4310312878
4210115283,1,4310312660
4210115335,1,4310311583
4210116017,1,4310312097
4210116283,1,4310319913
4210116466,1,4310312839
4210116613,1,4310318476
4210116939,1,4310319501
4210117140,1,4366371046
4210117164,1,4362724888
4210118674,1,4327874760
4210119012,1,4361865053
4210119493,1,4310321325
4210120634,1,4310321327
4210121631,1,4310319424
4210121754,1,4310321909
4210121815,1,4310315807
4210121855,1,4310312161
4210122369,1,4310315529
4210122897,1,4328136860
4210123194,1,4310312397
4210123258,1,4323987137
4210123620,1,4310322044
4210124338,1,4310313960
4210124461,1,4310316836
4210124726,1,4310314168
4210124779,1,4310316511
4210125838,1,4324262917
4210126504,1,4310319160
4210126806,1,4365383859
4210126990,1,4310319869
4210127272,1,4310311986
4210127445,1,4310314241
4210127464,1,4310314737
4210127472,1,4310316757
4210127646,1,4310314022
4210127662,1,4310314215
4210127889,1,4310313462
4210128167,1,4310319361
4210128199,1,4310319622
4210128493,1,4362643766
4210128723,1,4310319587
4210128964,1,4310312607
4210128980,1,4310311538
4210129009,1,4310319601
4210129758,1,4310312440
4210129940,1,4310312563
4210130017,1,4310316082
4210130036,1,4310318547
4210130376,1,4364307465
4210130892,1,4310312010
4210131000,1,4310322031
4210131056,1,4366153121
4210132691,1,4310314043
4210132896,1,4310313296
4210133259,1,4310316530
4210133393,1,4310315283
4210133585,1,4310318838
4210133739,1,4310319617
4210134641,1,4310320047
4210135308,1,4310311259
4210135412,1,4310312238
4210135748,1,4310314262
4210136933,1,4310316548
4210137146,1,4310321623
4210137221,1,4310312277
4210137904,1,4310315085
4210137933,1,4310311981
4210138159,1,4310314816
4210138492,1,4310312370
4210139122,1,4310319597
4210140711,1,4310322069
4210141869,1,4310315192
4210142444,1,4310318790
4210143198,1,4310317147
4210143688,1,4310319376
4210144118,1,4310316801
4210144257,1,4310321719
4210145316,1,4310319456
4210145435,1,4310315338
4210145588,2,4310312731
4210145696,1,4310316205
4210147110,1,4310312669
4210147115,1,4310319111
4210147524,1,4310315193
4210149696,1,4310321698
4210149841,2,4322614513
4210150823,1,4310311518
4210150954,1,4310313451
4210151925,1,4310315497
4210153194,1,4310321186
4210153767,1,4310318594
4210154178,1,4310320103
4210154871,1,4310312249
4210155125,1,4310317475
4210155616,1,4310315447
4210156025,1,4310314217
4210156544,1,4310319234
4210157299,1,4310314897
4210157370,1,4310320446
4210157426,1,4324138114
4210157616,1,4310311005
4210158193,1,4310312649
4210158262,1,4310317839
4210158299,1,4360969388
4210158810,1,4360969351
4210158867,1,4310311221
4210158996,1,4310321974
4210159243,1,4310319583
4210159323,1,4310321450
4210159592,1,4310319417
4210160485,1,4320800743
4210160522,1,4353066445
4210161027,1,4310320017
4210161131,1,4361729686
4210161235,1,4310319138
4210161440,1,4310314870
4210162602,1,4310317820
4210162928,1,4310313483
4210163166,1,4310311401
4210164712,1,4310312132
4210165284,1,4310319640
4210165725,1,4310312521
4210165864,1,4310311678
4210166308,1,4310319146
4210166554,1,4310313174
4210166741,1,4310317860
4362561690,2,4310311218
4362561690,6,4310311851
4362561690,10,4310312391
4362561690,14,4310312535
4362561690,19,4310312960
4362561690,23,4310313371
4362561690,27,4310315397
4362561690,31,4310315654
4362561690,32,4310315662
4362561690,36,4310315795
4362561690,40,4310315994
4362561690,44,4310316182
4362561690,49,4310316467
4362561690,53,4310316851
4362561690,57,4310318363
4362561690,61,4310318641
4362561690,67,4310319542
4362561690,71,4310319908
4362561690,75,4310320258
4362561690,79,4310320583
4362561690,82,4310320631
4362561690,86,4310321283
4362561690,90,4310321980
4362561690,94,4320800646
4362561690,97,4324114469
4362561690,101,4360969318
4362561690,105,4362724850
354108,1,4366065171
1102219,1,4310315070
1174212,1,4310316319
1516879,1,4310320504
1648549,1,4310318780
1966735,1,4310313278
2722730,1,4324341414
4610292,1,4364317799
4707928,1,4310312799
5388228,1,4310315771
5444425,1,4310315629
5922359,1,4310319960
5996616,1,4310319567
6030618,1,4310313580
6289922,1,4310321089
7597260,1,4310315437
8087733,1,4310313686
8408910,1,4310311805
8721504,1,4310313537
9256017,1,4310319062
9564693,1,4361181170
9916479,1,4310311955
10902133,1,4310321179
11838497,1,4361075542
11944219,1,4310315504
11983389,1,4310311806
12012874,1,4310314620
12079687,1,4362724844
12524447,1,4310316421
12912129,1,4320800596
13175533,1,4362643798
13451752,1,4310313186
13511017,1,4310315816
13985625,1,4360969217
14396692,1,4310313230
14746517,1,4310311544
14992734,1,4360969478
15062923,1,4324113997
15873915,1,4310319168
16038530,1,4310321296
16197041,2,4310322590
16391192,1,4310319193
16465266,2,4323283657
16733864,1,4310319348
16835326,1,4310311550
17056963,1,4310313221
17657293,1,4310316013
17856709,1,4310315793
19325673,1,4310318778
19894307,1,4310311164
20305541,1,4310319228
20521324,2,4310321242
20529979,1,4310313269
21067949,1,4310315476
21491767,1,4310311163
22128675,1,4310315684
22188714,1,4310312996
22248866,1,4322764887
23574469,1,4310317326
23758234,1,4310315220
23878562,1,4310319623
24254649,1,4310313225
24768866,1,4310314728
25112270,1,4310312548
25169866,1,4310318492
25846049,1,4323283786
26092322,1,4310315366
26538001,1,4310315994
26757994,1,4310311871
27483092,1,4366067044
28407311,1,4310311771
28527212,1,4310316343
29406707,1,4310318111
29787537,1,4310311024
31022496,1,4310313156
31274949,1,4310313463
31419693,1,4310319447
31683504,1,4320800722
32574673,1,4360969366
32625721,1,4310312951
34002243,1,4310319377
34250744,1,4310317463
35510649,1,4310319004
35953669,1,4310318155
36080156,1,4310313300
36243813,1,4310318911
37574244,1,4362726022
38476204,1,4310319031
38685851,1,4310315490
39333907,1,4353107125
39422238,1,4310316040
39521962,1,4327904650
39661318,1,4310316834
39774598,1,4327872697
40246663,1,4310311967
41208885,1,4320800756
41382782,1,4310321484
41458283,1,4310312574
41461413,1,4310321668
41802502,1,4310313113
43406934,2,4323369816
43777268,1,4310313405
44461941,1,4310316362
44504214,1,4310314184
44854399,1,4310316804
45084792,1,4310317633
46090414,1,4310312063
46208956,1,4310319158
46520130,1,4362643769
46597724,1,4366067043
47519274,1,4310319329
47689461,1,4310311969
47818738,1,4310319258
48076826,1,4310319374
48912391,1,4310318409
49155475,1,4310313310
50632499,1,4361730435
51158804,1,4310318621
51235708,1,4310312452
52010207,1,4310319436
52158045,1,4360969408
52354020,1,4310321140
53110688,1,4310321357
53592917,1,4361729660
54001450,1,4310318352
55022517,1,4353107229
55302922,1,4328135217
55732556,1,4310316012
56081889,1,4310314396
56085075,1,4310314060
56409017,1,4366147104
56475706,1,4310317157
56624758,1,4310313623
56858762,1,4366370251
57156483,1,4310322051
57210546,1,4310317098
58048189,1,4310319135
58077936,1,4310314608
58956616,1,4310316667
59028903,1,4327902917
59036183,1,4310316444
59361560,1,4310319599
59499333,1,4310315679
59807433,1,4310311198
60053951,1,4310321228
60587646,1,4310314413
63434480,1,4310314343
63525965,1,4310318009
66946132,1,4362726110
67031392,1,4310313061
67581229,1,4310318354
68243183,1,4310322512
69552723,1,4310315352
71576600,1,4310312844
71966907,1,4310316348
72023434,1,4310313249
72872986,1,4310312128
72956036,1,4310313216
74750888,1,4310317521
74775410,1,4320800805
74920221,1,4310315515
75821886,1,4310316490
76569877,1,4320800744
77793887,1,4310315929
78281549,1,4310322035
78650965,1,4310313765
78757542,1,4310317920
78880903,1,4310321128
78928947,1,4310313121
79072001,1,4310313298
80947539,1,4323972069
82515739,1,4310318936
82767444,1,4310321361
83124999,1,4310313181
83519826,1,4327874089
84470341,1,4310315948
84475105,1,4310315880
84724731,1,4310318870
85156444,1,4310319381
86467917,1,4310317999
86613570,1,4310319619
86958956,1,4310319125
88155538,2,4323288778
88192956,1,4310313413
88830068,1,4320800699
89554219,1,4310316803
90267481,1,4310317137
90281761,1,4310322366
90304302,1,4310313395
90425591,1,4310318908
90610280,1,4327986741
90745801,1,4310319317
91041137,1,4310318990
91071751,1,4310318790
92039509,1,4366370219
92403157,1,4320800703
92446798,1,4310316315
92715842,1,4310319938
93173995,1,4310319638
93320256,1,4310316599
93593358,1,4362724899
94256465,1,4310315487
95004497,1,4327902097
95013407,1,4310321180
95220073,1,4310317081
95634034,1,4310318265
96036126,1,4310313610
96226040,1,4310311218
98466806,1,4310312531
98702875,1,4310311523
98905743,1,4310318369
99064381,1,4310317854
99682543,1,4310318491
100005738,1,4310316072
100286613,1,4320800764
101072179,1,4310312724
101202996,1,4310315427
101479585,1,4324035057
102502594,1,4310315949
102913810,1,4310321442
103163165,1,4310316042
103531236,1,4310315868
104817121,1,4310320686
105086349,1,4362724908
106938459,1,4310312888
107851509,1,4360969248
108192572,1,4310312972
108904480,1,4327988829
109009565,1,4310313644
109935558,1,4361727505
110092051,1,4310316637
110152177,1,4363609265
110200422,1,4310312134
110440473,1,4362643774
110525433,1,4310319109
110757952,1,4360969392
111088046,1,4310315938
111262870,1,4310321690
111428342,1,4310313369
111753288,1,4323966430
114282444,1,4310312570
114616248,1,4310312764
115592961,1,4324104875
116265982,1,4366305917
117197279,1,4310313433
117357259,1,4310313508
118501908,1,4310312710
118534171,1,4310311040
118567650,1,4310318301
118574674,1,4328135224
119031078,1,4310313615
119045251,1,4328141809
119234918,1,4310315932
119868032,1,4361729643
120908166,1,4310316112
121296143,2,4327988840
121691239,1,4361730429
121980950,1,4310315870
122140584,1,4310312367
123315585,1,4353108622
123443094,1,4310312356
125219893,2,4310321304
125485651,1,4310315378
125579684,1,4310313340
125839683,1,4320800723
126158947,1,4310312477
126307644,1,4310316443
126477371,1,4310311003
126527374,1,4310312633
126795241,1,4366370218
126826664,1,4310314998
126924076,1,4366724589
128193699,1,4310314450
128309023,1,4310313454
129826125,1,4310317154
130238516,1,4310316571
130438778,1,4310312908
130442723,1,4310312571
132210918,1,4366371050
132950312,1,4310312225
132976966,1,4310317883
133529467,1,4310319005
133557312,1,4310313308
133712593,1,4310313148
133738476,1,4310315878
133743585,1,4310318332
133903919,1,4310319065
133984924,1,4310313518
134161618,1,4310319353
134282035,1,4310313232
134687103,1,4360969393
134695357,1,4310315507
136446963,1,4310313280
137534880,1,4310312845
137853757,1,4310315754
138164181,1,4310314713
138216421,1,4310316203
138689650,1,4310317562
138925566,1,4310319478
139046659,1,4362724854
140062455,1,4310312009
140106629,1,4310318266
142108993,1,4361727517
142823887,1,4310315626
142861451,1,4362561681
142879360,1,4310318898
143719379,1,4310319285
144581915,1,4320800684
146399215,1,4310313406
146516829,1,4310313539
146620803,1,4366305942
147439693,1,4310315251
148128674,1,4327872771
148283060,1,4362643886
149137203,1,4361184712
149592570,1,4310317346
149851306,1,4310321802
149910238,1,4310316299
150016208,1,4310320256
150229711,1,4310311921
150468666,1,4310315722
151746483,1,4310312927
152130510,1,4310321297
152518017,1,4310321616
152532586,1,4310315604
153374732,1,4361729669
154130895,1,4310318612
154700926,1,4310313223
154893126,1,4361729661
155028946,1,4310319242
155165993,1,4310322573
155313962,1,4310317456
157210198,1,4327874094
157219812,1,4310315071
157392197,1,4310319224
157556583,1,4360969373
157650460,1,4310318869
157674565,1,4310321068
158438070,1,4310321416
158708052,1,4310319385
159084141,1,4310316564
159129438,1,4310312919
159176309,1,4310313998
159247623,1,4324392721
160391749,1,4360969183
160445382,1,4310313417
161046081,1,4310313966
161515732,1,4310316351
161716053,1,4361075580
162096671,1,4310318850
162148367,2,4353108588
162346809,1,4310311216
162871001,1,4310314596
163039527,1,4310312361
163387037,1,4310313015
163605200,1,4310313146
165230279,2,4327876835
165253598,1,4310311690
165735259,1,4310313150
166843116,1,4310314936
166972335,1,4310316422
167420956,1,4310317518
167609691,1,4310319174
168337820,1,4324262971
168499898,1,4310320281
168636783,1,4310313177
170215575,1,4324392727
170350485,1,4310319029
170402219,1,4310317515
170935008,1,4310312020
172675005,1,4310317091
172685059,1,4310317431
172780181,1,4310319273
172787465,2,4361149406
172828483,1,4310319327
172901346,1,4310312746
172980758,1,4310316211
173009982,1,4310313206
173112312,1,4310314736
173212132,1,4310317512
173664879,1,4310319627
173761726,2,4365382139
173899330,1,4323283969
174143326,1,4310322242
177308816,1,4310316593
177733328,1,4353106828
178232147,1,4323237952
178450904,1,4310321040
179420787,1,4310318737
180291457,1,4310319283
180910786,1,4310318956
181086730,1,4310322556
181326427,1,4362724849
181343428,1,4310314832
181361081,1,4366067029
181391015,1,4310312325
181559820,1,4310316581
181679659,1,4323972344
181744264,1,4310319122
181840440,1,4310321835
181903023,1,4360969363
182083151,1,4310322257
182286215,1,4310316321
183209874,1,4310312786
183594015,1,4310313335
183764125,1,4310314440
184565670,1,4323970070
184746854,1,4310318630
184779318,1,4310312107
184889055,1,4310316453
184942183,1,4310314087
184999862,1,4310321104
185261750,1,4310313000
185492890,1,4310318616
186442907,1,4310318777
187293425,1,4310314421
187494767,1,4310315024
188730046,1,4310317511
188740104,1,4310318367
188771183,1,4310319295
189210763,1,4323283674
189238007,1,4310322548
192398990,1,4365384376
192627527,1,4310315559
192868223,1,4361730428
193876067,1,4310312176
195019228,1,4320800786
195994619,1,4310313617
196585927,1,4310312889
198012923,1,4320800645
198089087,1,4310315761
198251651,1,4310318839
198265615,1,4310318289
198357462,1,4361089982
198796369,1,4310316682
199028557,1,4310313313
199856841,1,4310314867
200437953,1,4366738056
201537933,1,4310313307
201726411,1,4310319397
201799495,1,4310318272
201933988,1,4310313549
201969901,1,4310319532
203088144,1,4310316355
203172682,1,4310316062
204136569,1,4310311580
204337017,1,4310317232
204465549,1,4310316093
204722609,1,4310313034
204730241,1,4310311432
204778367,1,4310314107
205783295,1,4310315954
206926436,1,4324001560
207417044,1,4310312362
210606318,1,4310319613
211433327,1,4364320080
218553996,1,4310318847
219388962,1,4310317446
221450849,1,4310315497
222202552,1,4310318871
223441202,1,4310313088
223669574,1,4310319084
227365583,1,4310321156
233745408,1,4310318872
235331625,1,4366716235
236957219,1,4310313455
238061169,1,4310311831
245364917,1,4310317380
246743127,1,4310319279
249708551,1,4310311978
250383648,1,4310318247
254361107,1,4310312705
262857778,1,4310319559
269609894,1,4310313414
271702661,1,4310318932
271888150,1,4310315074
274899335,1,4310318924
304370547,1,4310312549
305801656,1,4320800619
310735636,1,4310319066
324290372,1,4310318891
327656168,1,4320800609
336106212,1,4310312897
337868014,1,4310317513
345918524,1,4310312044
353511720,1,4310314876
869660684,1,4310315335
874792244,1,4310317728
885383172,1,4310321072
903994226,1,4360969244
905000135,1,4310318971
909854389,1,4361727514
919628346,1,4310318225
927188692,1,4310316831
1281256770,1,4310318370
1283613182,1,4310312443
1286498122,1,4310316866
1288451689,1,4310321258
1289762815,1,4310319787
1289784979,1,4327983462
1290625346,1,4310315414
1297026177,1,4366067035
1299319934,1,4310318572
1302033884,1,4310316137
1302237321,1,4310311852
1310012087,1,4310311763
1310212576,1,4310317610
1311206647,1,4310315823
1313014049,1,4310319965
1313079697,1,4353105731
1313967475,1,4310320252
1314169295,1,4310311873
1315279114,1,4327874085
1317171322,1,4310315580
1318157472,1,4310319290
1318687432,1,4310320052
1320731345,1,4310315848
1323554757,1,4310321704
1324682000,1,4310316553
1327069482,1,4320800780
1328914791,1,4310315565
1330402449,1,4310310967
1330989302,1,4320800592
1337397194,1,4310319811
1338006420,1,4310318739
1338637739,1,4310320277
1339248906,1,4310316141
1341284090,1,4310317119
1343081704,1,4310315882
2279609970,1,4310311184
2596161176,1,4310316290
2799387524,1,4310311650
2799399103,1,4310311847
2799490518,1,4310316678
2799501893,1,4310316871
2799517759,1,4310313133
2799533583,1,4310311715
2799540354,1,4310312726
2799567177,1,4310315767
2799580001,1,4310316430
2799586765,1,4327874770
2799590898,1,4310317977
2799640157,1,4322696608
2799795989,1,4310321320
2799827389,1,4310321315
2799841867,1,4310315469
2799885773,1,4327876853
2799902321,1,4310319721
2799957102,1,4320800804
2800081431,1,4310311688
2800107944,1,4310316311
2800109798,1,4310315683
2800304270,1,4310314185
2800330944,1,4310316202
2800372957,1,4360969490
2800387288,1,4310321968
2800500745,1,4310311640
2800643029,1,4310315750
2800729945,1,4327874087
2800767038,1,4310311794
2800810434,1,4310316235
2800863163,1,4310316844
2800884089,1,4310316685
2801020214,1,4322697874
2801032651,1,4310316915
2801049591,1,4310312087
2801116571,1,4310311621
2801117303,1,4310312593
2801341866,1,4310320834
2801349156,1,4310319306
2801556392,1,4310311696
2801636460,1,4310312777
2801670068,1,4320800734
2801680271,1,4310312773
2801824902,1,4310317792
2801988645,1,4310316632
2802081207,1,4310312703
2802129078,1,4310315430
2802176782,1,4310315783
2802273670,1,4310320195
2802278816,1,4310313431
2802431724,1,4310315712
2802433978,1,4361039724
2802466791,1,4310317204
2802511658,1,4310316862
2802626578,1,4310311648
2802640295,1,4362724870
2802716091,1,4310316283
2802799214,1,4310320244
2802805223,1,4323366615
2802923894,1,4310315356
2802984365,1,4310321231
2803094215,1,4310315611
3017888287,1,4310312372
3017902709,1,4310318351
3018588415,1,4310312112
3018756631,1,4310311106
3019271933,1,4310317287
3121799822,1,4310312472
3122449915,1,4310312140
3122832768,1,4310319059
3125470973,1,4310318405
3129591023,1,4310313588
3130441256,1,4310319229
3130586695,1,4310311042
3130588412,1,4310315155
3130751423,1,4322764888
3130757197,1,4310319186
3131298314,1,4310312832
3132185508,1,4310313458
3132238960,1,4310319808
3133344323,1,4310313285
3149551504,1,4310318021
4210085881,1,4310322449
4210086057,1,4310312856
4210086410,1,4310315523
4210086780,1,4320800706
4210086854,1,4310317379
4210087343,1,4310312380
4210088362,1,4328135226
4210088637,1,4310313205
4210088772,1,4310317391
4210088979,1,4310320269
4210089078,1,4310317263
4210089402,1,4310316889
4210089777,1,4310314347
4210089902,1,4323430457
4210090181,1,4310312336
4210090308,1,4310319516
4210090649,1,4310314955
4210090927,1,4310318808
4210091411,1,4310312254
4210091861,1,4310318827
4210092224,1,4360969380
4210092329,1,4320800604
4210092582,1,4310319379
4210092800,1,4310315715
4210093237,1,4310318899
4210093885,1,4310311037
4210094505,1,4310314910
4210094609,1,4310317300
4210094953,2,4324113790
4210095005,1,4310314156
4210095263,1,4310312298
4210095273,2,4310311251
4210095521,1,4310313848
4210096016,1,4310312373
4210096580,1,4310317357
4210096628,1,4310312389
4210096903,1,4310316669
4210096970,1,4310313826
4210097580,1,4310311609
4210097772,1,4310319024
4210098835,1,4310320402
4210098910,1,4310318497
4210098939,1,4310312084
4210099042,1,4310311780
4210099050,1,4310312341
4210099176,1,4310312186
4210099907,1,4310320497
4210100224,1,4310311819
4210100370,1,4310322358
4210100705,1,4310315274
4210101055,1,4310317151
4210101344,1,4310314055
4210101740,1,4310317370
4210102095,1,4310315658
4210102122,1,4320800747
4210102413,1,4310312374
4210102461,1,4310312683
4210102520,1,4310317934
4210102750,1,4324044485
4210102910,1,4310314297
4210103668,1,4310316554
4210104843,1,4310315746
4210104851,1,4310312538
4210105192,1,4310314046
4210105625,1,4310314193
4210106141,1,4310314655
4210106935,1,4310314095
4210107438,1,4310319430
4210108895,1,4310321243
4210109085,1,4310317448
4210109491,1,4310315231
4210109665,1,4310318947
4210110268,1,4310312741
4210110718,1,4327874100
4210110746,1,4310311874
4210110804,2,4310320000
4210111537,1,4310321056
4210111627,1,4310320297
4210111799,1,4320800811
4210112013,1,4310314515
4210112569,1,4361093890
4210112678,1,4310318912
4210112783,1,4310316224
4210112901,1,4310322532
4210113342,1,4323972343
4210113355,1,4310319613
4210114457,1,4310319519
4210114476,1,4310312118
4210115143,1,4310314518
4210115483,1,4310313017
4210115654,1,4310316391
4210116034,1,4310312091
4210116103,1,4310312400
4210116748,1,4310311703
4210116973,1,4310320929
4210118914,1,4310314437
4210119109,1,4310315935
4210119402,1,4310318816
4210119459,1,4310311048
4210120296,1,4310314425
4210120426,1,4310318212
4210120478,1,4310316117
4210120931,1,4310315050
4210121144,1,4310319730
4210121558,1,4310314914
4210122181,1,4310312185
4210122450,1,4310318084
4210122510,1,4310314203
4210122792,1,4310322216
4210122821,1,4310313268
4210123188,1,4310319321
4210123543,1,4310315285
4210123781,1,4310321403
4210124155,1,4310314710
4210124409,1,4310319960
4210124507,1,4310315278
4210125193,1,4310316047
4210125361,1,4310313990
4210125409,1,4328143488
4210125821,1,4310311652
4210126388,1,4362643898
4210126679,1,4310321253
4210127387,1,4310312755
4210127983,1,4310313557
4210128032,1,4366716275
4210128112,1,4310319069
4210128270,1,4310314101
4210128363,1,4310312526
4210128379,1,4310318662
4210128604,1,4310312105
4210128628,1,4361099371
4210128962,1,4310321751
4210129101,1,4310315796
4210129882,1,4310312479
4210131097,1,4310312513
4210131605,1,4310317432
4210131753,1,4310318904
4210131812,1,4310312656
4210131854,1,4310320163
4210131867,1,4310315051
4210131883,1,4310312179
4210131891,1,4310311466
4210132431,1,4322697582
4210132546,1,4310321860
4210132693,1,4310314986
4210133038,1,4310312381
4210133272,1,4310314672
4210133325,1,4362724909
4210133653,1,4310318471
4210133958,1,4310318803
4210135132,1,4310311721
4210135195,1,4310312377
4210135359,1,4310321419
4210135445,1,4310312860
4210135600,1,4310311694
4210135645,1,4310316094
4210135669,1,4310312219
4210135738,1,4310318791
4210135743,1,4310316303
4210135767,1,4310312241
4210136448,1,4310318236
4210136939,1,4310314326
4210137738,1,4310319611
4210138331,1,4364309641
4210138501,1,4322696733
4210138565,1,4360969281
4210138794,1,4310319483
4210139084,1,4310318100
4210139248,1,4310312021
4210139524,1,4310315919
4210139970,1,4310320424
4210140322,1,4310311716
4210140534,1,4310313863
4210140785,1,4310311350
4210141056,1,4310318881
4210141165,1,4310319356
4210141200,1,4310314384
4210141572,1,4310318836
4210141684,1,4310315416
4210141827,1,4310318812
4210142205,1,4310312267
4210142272,1,4310319997
4210142455,1,4323999826
4210142515,1,4310319972
4210142636,1,4310312543
4210142713,1,4365393469
4210143160,1,4310312736
4210143330,1,4310312220
4210144088,1,4310318828
4210144359,1,4310315917
4210144814,1,4310317763
4210145588,1,4310312729
4210146125,1,4310318823
4210146931,1,4310318950
4210147001,1,4310316703
4210147654,1,4310314309
4210148333,1,4310311815
4210148413,1,4310312596
4210149094,1,4310314742
4210149231,1,4310315315
4210149841,1,4310313571
4210149953,1,4310319821
4210150115,1,4310311976
4210150570,1,4310315137
4210150618,1,4310312490
4210151242,1,4310312115
4210151769,1,4310314909
4210152059,1,4310318852
4210152732,1,4310313187
4210153325,1,4310319881
4210153351,1,4310319626
4210153362,1,4310320873
4210153844,1,4310312011
4210154344,1,4310312591
4210154648,1,4320800666
4210155236,1,4310317581
4210155269,1,4310321434
4210155681,1,4310320302
4210158534,1,4310311278
4210158925,1,4310314899
4210159199,1,4310316602
4210159887,1,4310322262
4210160040,1,4310319889
4210160274,1,4310316092
4210160922,1,4310319522
4210161745,1,4310314940
4210161806,1,4310319919
4210162819,1,4310312863
4210163166,2,4310311402
4210163335,1,4310319815
4210164365,1,4310321679
4210164718,1,4310315890
4210164846,1,4310316370
4210165210,1,4310318229
4210166609,1,4310318097
4210167125,1,4310318835
4210167255,1,4310314319
4210167279,1,4324034529
4210167311,1,4324263300
4362561690,1,4310310985
4362561690,5,4310311809
4362561690,9,4310311937
4362561690,13,4310312516
4362561690,16,4310312843
4362561690,20,4310313035
4362561690,24,4310314114
4362561690,28,4310315402
4362561690,35,4310315774
4362561690,39,4310315964
4362561690,43,4310316084
4362561690,47,4310316371
4362561690,50,4310316487
4362561690,54,4310317233
4362561690,58,4310318480
4362561690,62,4310318686
4362561690,64,4310318911
4362561690,68,4310319546
4362561690,72,4310320017
4362561690,76,4310320465
4362561690,81,4310320615
4362561690,85,4310321201
4362561690,89,4310321767
4362561690,93,4310322741
4362561690,98,4327874076
4362561690,102,4360969390
4362561690,106,4362724855
430192,1,4310316456
746986,1,4310317110
822440,1,4310312891
2613432,1,4310315599
2971882,1,4310313289
4061448,1,4310319586
4068193,1,4310321273
4104125,1,4310319915
4141589,1,4310318094
4164984,1,4310321984
4405392,1,4310318403
4588055,1,4310313514
4896460,1,4310319828
5023651,1,4310312946
5936373,1,4310314853
6593398,1,4353102917
7882870,1,4310311736
8078737,1,4310315945
9073902,1,4310314242
9250283,1,4310313192
10535382,1,4361729657
11019714,1,4310321143
11381156,1,4310313469
11701301,1,4310318031
11855966,1,4310315173
12335567,1,4310313532
12700597,1,4310318328
12833781,1,4310315088
13377790,1,4310319233
14116566,1,4366370259
14245010,1,4310321452
14748160,1,4327873184
15766328,1,4310321181
16371252,1,4310312403
16569854,1,4310313169
16655442,2,4365924477
17721919,1,4361729687
17974374,2,4365924477
19990318,1,4360969255
20231570,1,4310311949
20442775,1,4310313534
20560788,1,4310313154
20581793,1,4310311797
21250087,1,4310314207
21449261,1,4310314295
21606457,1,4310312552
21881038,1,4310314920
22046295,1,4320800754
22465464,1,4310313985
22912315,1,4310311835
23171815,1,4366724099
23686167,1,4310321196
23906160,1,4310310998
23946033,1,4310319131
24027795,1,4310315346
24306055,1,4310315628
24354313,1,4310318191
24571045,1,4310316582
24798489,1,4310321457
24871856,1,4310312282
25607154,1,4310314750
25822123,1,4310322434
26120043,1,4310313638
26437253,1,4310317158
27577105,1,4310315392
27688046,1,4361730468
27912750,1,4310317457
28700744,1,4310318680
28992388,1,4362724910
30181195,1,4310313544
31590910,1,4324114236
31784960,1,4310313091
31944674,1,4310319187
32366509,1,4310314438
32589535,1,4310321206
32597200,1,4310320611
32971472,1,4310315589
33103891,1,4310319043
33213144,1,4310316134
33501960,1,4310312382
34661226,1,4310321240
34789140,1,4310313126
35566140,1,4310316503
35568498,1,4310313416
35913352,1,4310314199
36152291,1,4324301120
36686833,1,4310318922
37796252,1,4320800763
37802460,1,4323237962
37987034,1,4361727526
38756568,1,4362724913
39063666,1,4310317781
39147953,1,4310321132
39555362,1,4310311834
39586589,1,4310311758
40130261,1,4310316812
41641357,1,4310318322
42264441,1,4310310977
42405503,1,4310313448
42766147,1,4310313209
43337087,1,4361729645
43727914,1,4310312554
44636411,1,4310313317
45571689,1,4310319898
45643870,1,4310312178
46482218,1,4361727543
47327664,1,4310312512
47403697,1,4310311992
49232843,1,4361727511
50180762,1,4353108580
50441567,1,4310321432
50959184,1,4366716254
51882195,1,4310312352
52418104,1,4310312455
52623189,1,4310319027
55931168,1,4310318373
56033108,1,4310314761
56125125,1,4310318499
57328836,1,4365349132
58200834,1,4322697012
59596033,1,4310313350
59738393,1,4310318334
60134161,1,4310313379
60388903,1,4310316310
60858718,1,4310318498
61174481,1,4310314047
61623833,1,4310319262
61722147,1,4310312364
62318804,1,4310318137
62885914,1,4310312343
63072094,1,4323867248
63121688,1,4310313388
63354593,1,4323283873
63739035,1,4310318686
63797719,1,4310318993
63966007,1,4310316440
64351976,1,4310311021
64925351,1,4310318273
64957398,1,4310318364
65837984,1,4310313432
66514158,1,4310318412
66804793,1,4310316868
67415387,1,4310311840
68106152,1,4310312360
68384125,1,4310313017
68947357,1,4310311178
68986083,1,4353108562
69094615,1,4310318821
69737025,1,4310315478
70703428,1,4310319874
70764802,1,4310318826
70931966,1,4310313007
71270174,1,4310318015
71395657,1,4310313220
71422933,1,4310311693
71503853,1,4310318453
72054575,1,4310319727
72541430,1,4310313009
73417466,1,4310311821
74413500,1,4310312905
74525822,1,4361154459
74801974,1,4310313595
74897591,1,4310318381
75390827,1,4327875405
75411424,1,4310315850
75447333,1,4327904643
75645747,1,4310322200
75951250,1,4310313933
78274823,1,4310313380
78577930,1,4310316010
78807220,1,4310314868
78978612,1,4323237710
79189158,1,4310321137
80180929,1,4310321098
80281795,1,4310318613
80606768,1,4310321474
82904351,1,4310319564
83558840,1,4310318451
83978394,1,4310316845
84653119,1,4310319332
85283370,1,4310313212
86519309,1,4310316937
86959772,1,4366305950
87099769,1,4310313530
87289247,1,4310312783
87395487,1,4310313231
88491126,1,4310314528
89630735,1,4310313648
89783846,1,4310311220
90669466,1,4310311439
90727586,1,4364318727
91819753,1,4310315076
91874244,1,4310312476
92008406,1,4310314080
94444458,1,4310315780
95568926,1,4310321811
96840727,1,4310321109
97455420,1,4363603279
98227222,1,4366067014
98285908,1,4310313450
98677209,1,4310321110
98940699,1,4310313546
98944809,1,4310318741
99542240,2,4322616346
99714305,1,4310319560
100633361,1,4310315872
102345215,1,4324113239
102379361,1,4310314207
102607778,1,4310315618
103031861,1,4310312712
103187081,1,4310315861
103356709,1,4310315431
106008892,1,4310313119
106118109,1,4310315417
106165777,1,4310316019
107158390,1,4310320769
108160477,1,4361729647
108652713,1,4310315706
110026055,1,4310318431
110220311,1,4310313323
110273157,1,4310319488
110359606,1,4322755284
110402625,1,4310313607
110617504,1,4310313649
110676245,1,4310312308
111288359,1,4310313646
111599522,1,4328141797
111664937,1,4310317411
111979921,1,4310316339
112312016,1,4310319061
112524849,1,4310313384
112536369,1,4310319082
113254221,1,4310314358
114027177,1,4310316009
114202661,1,4310315015
114457229,1,4310321009
114531698,1,4310313142
114972647,1,4310319222
115600380,1,4310318307
115684694,1,4310318935
115953327,1,4310318335
116465919,1,4310313263
116768543,1,4310319098
117309725,1,4310315659
117345614,1,4310311197
117397414,1,4310315584
118347636,1,4310317955
118517470,1,4310321277
118946981,1,4310318825
119004910,1,4310317279
119454577,1,4323966135
119896790,1,4310315210
119939603,1,4310319150
120379545,1,4323237106
121596126,1,4310318330
121748325,1,4310321038
121820613,1,4310315936
122228004,1,4310313769
122266389,1,4310316773
122558511,1,4310312469
123096312,1,4310319389
123131354,1,4310313233
123534392,1,4310316711
123714969,1,4360969266
123946342,1,4310316236
124357947,1,4310311730
124601658,1,4310317553
126131087,1,4366716150
126460647,1,4310312349
126596746,1,4310317381
127019355,1,4310318092
127859547,1,4310314915
127927624,1,4310317746
128931577,1,4310312698
129604602,1,4310317986
129634264,1,4310313599
129858807,1,4310319589
129902397,1,4310312948
129994210,1,4310318411
130217899,1,4310317034
130343225,1,4310321046
131434179,1,4362643895
131528713,1,4310322401
132053463,1,4310322081
132735039,1,4310315439
134052481,1,4366716180
134820265,2,4310321139
135140700,1,4310313822
135768898,1,4310313207
135790613,1,4310314694
136199984,1,4310316284
137799390,1,4310321629
138006243,1,4310315944
138220800,1,4310316133
139418187,1,4310316527
140275651,1,4310315422
141595442,1,4310314624
141649380,1,4310315973
141930428,1,4310318810
142179503,1,4310319748
142974352,1,4310319328
143593769,1,4310311927
144571360,1,4310315847
145459687,1,4310319608
145462454,1,4310320890
145926846,1,4310313527
145996665,1,4310315543
146416000,1,4310320314
146563203,1,4361865154
148751991,1,4310319434
149145351,1,4310318701
149557720,1,4310313203
149643846,1,4310312599
150346915,1,4310311760
150673438,1,4310319605
150729083,1,4310319809
150744194,1,4310313509
150807315,1,4324013419
151075929,1,4353108599
152033890,1,4361729667
153230381,1,4310317925
153455119,1,4310320380
153512688,1,4310319342
153976015,1,4310314477
154099455,1,4366370305
154347574,1,4310314755
154757721,1,4323995299
156144747,1,4327988832
156498994,1,4310313453
156983542,1,4310319221
157273133,1,4310319661
157294399,1,4310312782
157913058,1,4310321578
158048120,1,4310313136
158129278,1,4310316872
158842170,1,4322696535
158929114,1,4310313130
159308992,1,4310315846
159360068,1,4310318220
160046202,1,4310313572
161106909,1,4310319130
161107111,1,4310313183
161127581,1,4310312471
161318765,1,4310315789
161460629,1,4310312550
161513276,1,4310320262
161593684,1,4310317142
162714631,1,4310315728
162720556,1,4310318282
163361683,1,4310315650
163793406,1,4310313305
164790352,1,4310312242
164936912,1,4310316454
164946172,1,4363603805
165522056,1,4310313315
166455938,1,4310319176
167242333,1,4310312055
168974976,1,4310321381
169248161,1,4310312515
169351748,1,4361729672
169495764,1,4310317488
169521973,1,4310316152
169615421,1,4310316360
170486558,1,4310321102
170583851,1,4310317439
171892758,1,4310313896
172574986,1,4310317509
172982924,1,4310318704
173089394,2,4361727547
173755004,1,4310319643
175124709,1,4310318380
177055848,1,4310314997
177154391,1,4310316719
177235860,1,4310312987
177605424,1,4310316420
177657909,1,4310315381
177877127,1,4310317989
178574317,1,4310313097
179193067,1,4310319384
180498684,1,4310314422
180670191,1,4310316229
181355716,1,4310319277
181565077,1,4310316546
182212641,1,4310317911
182915172,1,4310313474
184139950,1,4366371047
184531372,1,4310314127
184681353,1,4360969319
184925374,1,4310315172
185520838,1,4310321609
185652977,1,4310315494
187079419,1,4310311999
187400657,1,4324105090
188910012,1,4310313412
188973947,1,4310312737
189158943,1,4310317595
189268942,1,4310321478
189445727,1,4310313246
189460059,1,4310318876
190082696,1,4310311607
190567190,1,4310320006
192327786,1,4366371049
192513696,1,4310318246
192560614,1,4310316175
193484058,1,4310316063
194028371,1,4310312884
194604659,1,4310319077
195377678,1,4366305974
195875291,1,4310316802
196038209,1,4365393080
196530094,1,4310312814
197097402,1,4310318234
197347611,1,4310319515
198645480,1,4361727544
200296433,1,4320800657
200362191,1,4310319590
200719446,1,4310316255
201389808,1,4310313144
201953328,1,4310313543
203303854,1,4310318775
204291657,1,4310313590
204824540,1,4310317968
205023500,1,4327874095
205133468,1,4310315151
205274468,1,4310315391
206046368,1,4310311646
206105734,1,4310317318
207624831,1,4310314449
211891151,1,4310312407
219826191,1,4310312240
224954996,1,4310318242
227486990,1,4310315420
227586296,1,4323283832
228664971,1,4310318201
232005693,1,4310321922
243754102,1,4310312177
245308123,1,4310314977
249726346,1,4310318050
255234318,1,4310321084
261079859,1,4310315117
262026596,1,4310314814
262037059,1,4310312458
268923629,1,4310311115
271674635,1,4310316434
275847375,1,4320800564
279583474,1,4365920604
283262890,1,4310321596
301615471,1,4310311047
308666006,1,4310315639
310941836,1,4310312642
317356780,2,4310313480
319079062,1,4310318976
333027446,1,4310314405
347673840,1,4310321207
861853513,1,4310317752
864159182,1,4310317303
865915315,1,4310318571
875251973,1,4310318964
878022262,1,4310319504
882086214,1,4310322082
899859998,1,4362724917
900159353,1,4310311832
902671590,1,4310316356
908025542,1,4310314879
916559398,1,4310313630
928334797,1,4310319063
1281109512,1,4310318424
1283633810,1,4310316476
1286805341,1,4310315755
1286891280,1,4310319867
1288097491,1,4310312852
1290603121,1,4310319663
1291137007,1,4310320255
1292114621,1,4310312371
1295562517,1,4310318540
1296990705,1,4310316266
1297213882,1,4310319924
1297991670,1,4364318729
1298748095,1,4310320260
1299303238,1,4310316754
1301411061,1,4310319044
1304157459,1,4310319739
1306099058,1,4310314479
1308524038,1,4310313654
1308814778,1,4310316285
1310985481,1,4310316641
1312545330,1,4310315992
1315289610,1,4310315903
1315559485,1,4310320141
1316368362,1,4310315830
1318003438,1,4310320990
1320557632,1,4310316388
1321305853,1,4322614461
1322209998,1,4310321960
1322918889,1,4310315651
1324220072,1,4365331069
1326125022,1,4310316115
1326965316,1,4310313835
1328000354,1,4361727497
1328215151,1,4310317979
1329210759,1,4324114155
1336229394,1,4310319022
1339876250,1,4310311415
1341412227,1,4310320652
1342422420,1,4310320160
2799342103,1,4310316610
2799428867,1,4310315354
2799443121,1,4310317467
2799461639,1,4320800765
2799483237,1,4310313846
2799617873,1,4310315747
2799747612,1,4310321796
2799893221,1,4320800738
2799982318,1,4310315811
2800005477,1,4310312053
2800119247,1,4310317906
2800176028,1,4324263010
2800332440,1,4310319931
2800334857,1,4310316366
2800335069,2,4360969321
2800465795,1,4310313043
2800559942,1,4320800797
2800653546,1,4310313159
2800670924,1,4310320226
2800711816,1,4310320273
2800773268,1,4310316806
2800852108,1,4310318133
2800916854,1,4360969236
2800940302,1,4310318079
2800953855,1,4310311705
2801132478,2,4360969270
2801334344,1,4310318030
2801372980,1,4320800647
2801380106,1,4310316261
2801401027,1,4327983461
2801511303,1,4310317932
2801582476,1,4310319109
2801633520,1,4310312830
2801648192,1,4310320272
2801652627,1,4310320058
2801670483,1,4310320505
2801710774,1,4310321820
2801770344,1,4320800735
2801795571,1,4310315834
2801848881,1,4320800524
2801857531,1,4310318642
2801874064,1,4310315574
2801976130,1,4310321898
2802032835,1,4310312840
2802066150,1,4310315480
2802210443,1,4360969401
2802232483,1,4310315685
2802236040,1,4310315742
2802295813,1,4310312295
2802537963,1,4360969257
2802558902,1,4310315500
2802694670,1,4310319113
2802726010,1,4310320276
2802802980,1,4320800569
2802828525,1,4310322184
2802905149,1,4366305935
2802965447,1,4310316113
2802972232,1,4310311615
2802991430,1,4310316854
3014087699,1,4310313459
3017690349,1,4310318165
3018305852,1,4310311990
3018660459,1,4310312695
3018704611,1,4310318893
3019092743,1,4310317242
3019727434,1,4310318923
3020190299,1,4310314932
3121153395,1,4310314680
3121987637,1,4310318189
3122695212,1,4310314567
3122934890,1,4310314353
3123069486,1,4310312822
3124150290,1,4310315503
3125581668,1,4310312170
3129897247,1,4310312590
3130004620,1,4310312395
3130050927,1,4310312442
3130633384,1,4361143897
3130802236,1,4310321542
3130945570,1,4310311408
3130953844,1,4310313445
3131019336,1,4310313127
3131036702,1,4310315495
3131778735,1,4310318134
3131974883,1,4310313260
3132500588,1,4310318941
3133014862,1,4310319164
3133232569,1,4310312632
3133274271,1,4310321738
3133421993,1,4310315236
3141906898,1,4310313134
3148012848,1,4310318034
3151615967,1,4310319159
3210728566,1,4310316233
4210085903,1,4310316087
4210086048,1,4310311704
4210086193,1,4310319635
4210086387,1,4310320555
4210086548,1,4310312337
4210086553,1,4310316346
4210087765,1,4310318521
4210088281,1,4310318548
4210088382,1,4310312401
4210088665,1,4310317331
4210088668,1,4310311248
4210089792,1,4310317941
4210090121,1,4310318890
4210090220,1,4310314558
4210091051,1,4310318833
4210091059,1,4310322033
4210091506,1,4310317159
4210091554,1,4310318233
4210092172,1,4310315020
4210092241,1,4310321510
4210092610,1,4310317369
4210092825,1,4310311131
4210093166,1,4310313284
4210093185,1,4310315921
4210093212,1,4310315745
4210093784,1,4310311889
4210093825,1,4310315287
4210094354,1,4310317373
4210095140,1,4310319799
4210095228,1,4365383371
4210095520,1,4310312307
4210096028,1,4310316074
4210096350,1,4310322535
4210096661,1,4310315876
4210096669,1,4310321705
4210096855,1,4310314346
4210096899,1,4361100558
4210097225,1,4310315981
4210098922,1,4310318040
4210098966,1,4310319067
4210098987,1,4310312923
4210099054,1,4310321879
4210099201,1,4310319128
4210099487,1,4310322020
4210100054,1,4361729673
4210100172,1,4310319596
4210100490,1,4310314650
4210100546,1,4310313020
4210101027,1,4320800527
4210101741,1,4324262947
4210102286,1,4310315410
4210102371,1,4310311928
4210102629,1,4310322264
4210103065,1,4310312060
4210103358,1,4310314170
4210103516,1,4310314165
4210103810,1,4310319033
4210103826,1,4310312803
4210103957,1,4361730558
4210104850,1,4323986677
4210105363,1,4324046967
4210105473,1,4310314075
4210105654,2,4310319664
4210105946,1,4310319378
4210106474,1,4310322029
4210106560,1,4310320105
4210106771,1,4310320794
4210107108,1,4323972255
4210107189,1,4310320782
4210107724,1,4310313581
4210107902,1,4310315205
4210107955,1,4310314380
4210108156,1,4310314208
4210108237,1,4310314488
4210108471,1,4310311084
4210108557,1,4310315253
4210108942,1,4310312507
4210109280,1,4360969299
4210109351,1,4310312865
4210109632,1,4310313024
4210109713,1,4310313045
4210110723,1,4366738102
4210111131,1,4310318955
4210111230,1,4310315235
4210113137,1,4310312064
4210113322,1,4310312990
4210114028,1,4310315104
4210114415,1,4310314410
4210115252,1,4310311213
4210116075,1,4310314317
4210116110,1,4310317449
4210116615,1,4310321767
4210116752,1,4310314288
4210116868,1,4353108583
4210117059,1,4310318432
4210117102,1,4310319511
4210117257,1,4310320282
4210117570,1,4323842359
4210117666,1,4310316266
4210118408,1,4310312101
4210118567,1,4327904646
4210119196,1,4310315333
4210119257,1,4310319172
4210119323,1,4310319394
4210119419,1,4310314340
4210119543,1,4310315334
4210119805,1,4310312025
4210119971,1,4310312451
4210120395,1,4310313747
4210120696,1,4362655242
4210120903,1,4310321925
4210121006,1,4310314091
4210121092,1,4310312251
4210121451,1,4310318819
4210121454,1,4310311425
4210121543,1,4310312294
4210121551,1,4324001551
4210121685,1,4310319468
4210122185,1,4310312224
4210122217,1,4310312682
4210122273,1,4310312826
4210122316,1,4310313194
4210122353,1,4310318785
4210122543,1,4366736706
4210122764,1,4310319035
4210123023,1,4310315125
4210123595,1,4310311095
4210123793,1,4310319435
4210124208,1,4323431162
4210124384,1,4310318243
4210126214,2,4323253411
4210126490,1,4310319908
4210126522,1,4324143687
4210127109,1,4310318882
4210127798,1,4310318756
4210127958,1,4310315221
4210128536,1,4310316428
4210129362,1,4310312824
4210129560,1,4310312001
4210129600,1,4310316520
4210130277,1,4310321895
4210131007,1,4310320595
4210131128,1,4310319965
4210131257,1,4310318215
4210131459,1,4360969323
4210131792,1,4310322092
4210131919,1,4364292638
4210131959,1,4366371029
4210132628,1,4310312715
4210133598,1,4310316163
4210133729,1,4310311113
4210133832,1,4310312149
4210134197,1,4310314428
4210134663,2,4310311112
4210135109,1,4310314490
4210135186,1,4310312843
4210135398,1,4360969276
4210135564,1,4310319885
4210136524,1,4310318221
4210136938,1,4366724665
4210137223,1,4310315005
4210137644,1,4310319471
4210137863,1,4310315964
4210138467,1,4310314126
4210139257,1,4310311666
4210139998,1,4310312775
4210140084,1,4310314788
4210140113,1,4310316853
4210140749,1,4310315592
4210140995,1,4310312114
4210141057,1,4310320887
4210141193,1,4310312859
4210142575,1,4310314657
4210142661,1,4310319582
4210142688,1,4310312195
4210143794,1,4310319982
4210143834,1,4310312054
4210144049,1,4324001557
4210144174,1,4310315892
4210144826,1,4324341408
4210144834,1,4310312117
4210145060,1,4310314798
4210145648,1,4366064883
4210145831,1,4310315068
4210146190,1,4310312986
4210146508,1,4310315033
4210146532,1,4310313137
4210146629,1,4310315248
4210146735,1,4310319585
4210147310,1,4310316324
4210147991,1,4310314891
4210148047,1,4310314662
4210149420,1,4310318478
4210149719,1,4310312139
4210149776,1,4310314154
4210150135,1,4310313850
4210150297,1,4310319263
4210150372,1,4310316738
4210150800,1,4310312098
4210150808,1,4310318363
4210150877,1,4310322768
4210151294,1,4310311891
4210151805,1,4310313837
4210152201,1,4310314492
4210152403,1,4310318830
4210152422,1,4310311245
4210152700,1,4310320101
4210152813,1,4310322220
4210153120,1,4310318875
4210154112,1,4362643765
4210154133,1,4310319629
4210154184,1,4310317433
4210154491,1,4310317507
4210154840,1,4310318444
4210154967,1,4310313394
4210155777,1,4310312116
4210156102,1,4310315171
4210157014,1,4310319494
4210157185,1,4310315368
4210157373,1,4310317093
4210157623,1,4310313110
4210157717,1,4310317382
4210158666,1,4310314787
4210159629,1,4310315252
4210159778,1,4310312892
4210159850,1,4310320373
4210159899,1,4310314900
4210160503,1,4310310968
4210160966,1,4310311914
4210161358,1,4310314179
4210163113,1,4360969226
4210163284,1,4360969294
4210163363,1,4360969383
4210163823,1,4310319451
4210164690,1,4310312800
4210164738,1,4310315911
4210165989,1,4310311577
4210166017,1,4310311479
4210166060,1,4310311560
4210166371,1,4310314155
4210166460,1,4310317334
4210166730,1,4310315075
4362561690,3,4310311490
4362561690,7,4310311861
4362561690,11,4310312441
4362561690,15,4310312682
4362561690,18,4310312944
4362561690,22,4310313324
4362561690,26,4310314938
4362561690,30,4310315607
4362561690,33,4310315693
4362561690,37,4310315849
4362561690,41,4310316000
4362561690,45,4310316289
4362561690,48,4310316446
4362561690,52,4310316729
4362561690,56,4310318349
4362561690,60,4310318525
4362561690,66,4310319200
4362561690,70,4310319632
4362561690,74,4310320186
4362561690,78,4310320561
4362561690,83,4310321047
4362561690,87,4310321318
4362561690,91,4310322173
4362561690,95,4320800704
4362561690,96,4324004213
4362561690,100,4327986515
4362561690,104,4361730441
4362561690,108,4366736682
