subfield_id,topic_seq,topic_id
1100,3,10367
1100,7,11862
1100,11,12033
1100,15,13011
1100,18,14405
1102,4,14499
1102,8,12436
1103,1,10152
1103,5,13294
1104,4,12319
1105,1,10439
1105,5,12596
1105,9,14399
1105,13,12132
1105,16,13269
1105,20,13506
1105,24,12001
1105,28,11528
1106,3,12048
1106,7,14272
1106,11,12181
1106,15,10411
1106,18,12468
1106,22,12385
1106,26,13670
1106,30,12114
1107,2,14050
1107,6,13668
1109,2,11386
1109,6,11641
1109,10,12043
1109,14,12968
1110,4,12665
1110,8,12346
1110,12,11229
1110,17,12618
1110,21,10473
1110,25,12605
1110,29,12571
1110,34,11771
1110,38,11578
1110,42,10875
1110,46,12834
1110,51,11613
1110,55,10451
1110,59,11546
1110,63,11750
1110,65,14398
1110,69,11179
1110,73,13422
1110,77,12344
1110,80,12475
1110,84,13238
1110,88,12660
1111,1,14054
1111,5,11789
1111,9,10889
1200,4,12680
1202,3,14451
1202,7,13863
1202,11,12909
1202,15,14312
1202,18,14386
1202,22,12382
1202,26,12990
1202,30,13006
1202,33,13766
1202,37,13590
1202,41,12739
1203,2,13156
1203,6,13606
1203,10,10021
1203,14,13260
1203,19,10034
1204,3,13198
1204,7,13068
1204,11,13621
1204,15,14197
1204,18,13409
1205,2,14469
1206,4,12981
1207,1,12471
1207,5,14475
1207,9,14131
1207,13,14266
1207,16,10778
1208,3,13466
1208,7,11794
1208,11,12184
1208,15,13145
1208,18,13667
1208,22,14172
1208,26,14149
1208,30,13329
1208,33,12130
1208,37,13486
1208,41,12461
1208,45,13837
1208,48,14193
1208,52,13733
1209,2,13515
1209,6,11462
1210,4,10941
1211,1,14092
1211,5,12623
1211,9,12517
1211,13,12957
1211,16,13087
1211,20,13908
1211,24,12511
1211,28,14314
1211,35,12308
1211,39,13931
1211,43,13277
1211,47,13144
1212,4,13178
1212,8,14063
1212,12,14426
1213,1,13133
1213,5,12390
1213,9,13216
1213,13,12632
1213,16,14322
1303,3,11844
1303,7,13711
1304,1,12859
1304,5,10540
1305,4,10900
1305,8,11340
1306,2,13350
1306,6,10433
1306,10,10183
1307,3,11650
1307,7,11150
1307,11,11399
1307,15,11131
1308,2,11027
1310,1,12499
1310,5,12824
1311,4,11974
1311,8,11214
1311,12,12232
1311,17,13354
1311,21,11171
1311,25,10702
1311,29,10594
1311,34,12447
1311,38,11353
1312,3,10887
1312,7,11561
1312,11,11765
1312,15,11385
1312,18,12688
1312,22,12360
1312,26,12820
1312,30,10066
1312,33,10207
1312,37,10404
1312,41,12610
1312,45,11879
1312,48,11848
1312,52,11533
1312,56,10885
1312,60,11956
1312,66,10724
1312,70,12441
1312,74,12140
1312,78,10303
1312,83,11919
1312,87,10952
1312,91,10911
1312,95,12254
1312,96,11335
1312,100,12867
1312,104,12756
1312,108,12835
1312,113,10521
1312,117,12412
1312,121,11332
1312,125,12030
1312,128,11178
1312,132,12534
1313,2,10147
1314,4,11505
1315,1,10857
1402,1,13509
1402,5,14419
1402,9,14030
1402,13,12509
1402,16,10517
1402,20,12378
1404,1,10328
1404,5,11995
1404,9,12734
1404,13,11734
1404,16,10703
1405,4,12885
1405,8,12671
1405,12,11729
1406,2,10145
1406,6,11114
1406,10,14477
1406,14,12392
1407,3,13642
1407,7,13603
1407,11,13431
1407,15,13235
1407,18,13812
1407,22,12918
1407,26,14264
1407,30,10006
1408,2,10910
1408,6,10539
1408,10,14356
1408,14,12121
1408,19,13810
1408,23,11849
1408,27,13706
1408,31,12779
1408,32,13151
1408,36,13616
1408,40,13137
1410,1,13088
1503,2,10480
1504,1,13840
1507,3,10962
1508,2,11821
1602,2,10180
1602,6,11630
1604,2,10464
1604,6,10807
1604,10,13217
1605,3,10701
1605,7,13115
1605,11,11989
1605,15,10835
1605,18,11748
1605,22,13124
1605,26,11440
1605,30,10274
1605,33,10405
1605,37,11790
1605,41,12228
1605,45,12562
1605,48,13859
1605,52,13489
1605,56,12852
1605,60,12189
1606,1,13297
1606,5,11129
1607,4,12748
1607,8,10519
1607,12,14068
1702,1,12072
1702,5,11689
1702,9,13734
1702,13,10906
1702,16,13083
1702,20,10951
1702,24,10637
1702,28,13559
1702,35,13935
1702,39,11652
1702,43,11303
1702,47,11598
1702,50,11276
1702,54,10028
1702,58,13567
1702,62,10126
1702,64,10020
1702,68,10215
1702,72,10181
1702,76,12676
1703,4,12469
1703,8,13182
1703,12,12541
1703,17,13286
1703,21,11063
1704,2,10481
1705,3,12216
1705,7,10796
1705,11,11896
1705,15,12288
1705,18,10249
1705,22,10575
1705,26,12127
1705,30,13983
1705,33,10829
1705,37,13836
1705,41,11158
1706,1,10533
1706,5,12797
1706,9,13541
1707,4,14319
1707,8,11605
1707,12,12357
1707,17,10775
1707,21,10901
1707,25,11165
1707,29,12549
1707,34,10331
1708,1,12326
1708,5,14067
1709,4,14074
1709,8,10648
1710,2,14025
1710,6,14484
1710,10,10101
1710,14,10538
1710,19,12338
1710,23,13999
1710,27,13274
1710,31,12395
1710,32,14387
1710,36,12863
1710,40,10286
1710,44,13964
1710,49,13386
1710,53,14307
1710,57,14215
1710,61,13081
1710,67,14174
1710,71,13932
1710,75,12016
1711,3,10931
1711,7,11241
1712,2,13197
1802,3,14280
1802,7,12766
1802,11,13758
1802,15,10068
1803,2,12368
1803,6,10357
1803,10,13612
1803,14,13609
1803,19,12101
1803,23,12177
1803,27,11413
1803,31,13587
1803,32,13886
1804,3,13309
1804,7,14406
1902,3,11459
1902,7,13811
1902,11,11234
1904,3,13785
1906,4,13067
1907,1,11211
1907,5,14427
1908,4,11757
1908,8,12424
1910,3,11405
1910,7,11698
1911,2,12142
1911,6,10109
2000,2,13473
2000,6,14112
2000,10,13498
2002,1,14261
2002,5,11257
2002,9,13370
2002,13,12708
2002,16,14094
2002,20,13442
2002,24,10438
2002,28,14404
2002,35,10391
2002,39,14491
2002,43,14213
2002,47,13949
2002,50,11770
2002,54,11711
2002,58,10393
2002,62,14334
2002,64,10987
2002,68,11014
2002,72,13407
2002,76,13399
2003,4,10127
2003,8,11817
2003,12,13146
2105,1,13331
2105,5,11784
2105,9,13870
2105,13,14481
2105,16,10024
2105,20,10905
2200,1,14446
2202,2,11008
2202,6,12719
2202,10,11170
2202,14,12449
2202,19,11325
2202,23,12158
2202,27,10597
2202,31,11946
2202,32,12007
2202,36,10191
2202,40,10801
2202,44,10680
2203,3,13990
2203,7,10663
2203,11,12197
2204,2,10822
2204,6,10784
2204,10,13552
2204,14,10088
2204,19,11018
2204,23,11667
2204,27,11802
2204,31,13418
2204,32,11808
2204,36,12285
2204,40,12740
2204,44,13232
2204,49,11739
2204,53,12078
2204,57,11196
2204,61,12466
2204,67,12706
2204,71,10338
2205,3,13808
2205,7,12865
2205,11,10713
2205,15,10033
2205,18,14146
2205,22,12435
2205,26,11874
2205,30,10160
2205,33,12293
2205,37,12940
2205,41,13596
2206,1,11233
2206,5,13049
2206,9,10615
2206,13,12565
2206,16,12063
2206,20,11245
2206,24,14252
2206,28,12850
2207,4,11081
2207,8,10223
2207,12,14225
2207,17,14083
2207,21,11749
2207,25,13954
2207,29,12290
2207,34,14011
2207,38,10040
2207,42,11053
2208,3,13420
2208,7,11992
2208,11,11522
2208,15,13093
2208,18,11778
2208,22,10212
2208,26,11444
2208,30,11523
2208,33,11005
2208,37,10559
2208,41,10461
2208,45,10768
2208,48,13183
2208,52,12277
2208,56,12510
2208,60,12155
2208,66,11102
2208,70,10125
2208,74,11797
2208,78,10851
2208,83,11873
2208,87,10964
2208,91,10361
2208,95,10305
2208,96,10187
2208,100,10624
2208,104,10752
2208,108,12024
2208,113,11392
2208,117,11249
2209,2,13113
2209,6,12111
2209,10,12782
2209,14,13287
2210,4,10188
2210,8,11091
2210,12,12282
2210,17,11583
2210,21,10842
2210,25,10850
2210,29,11372
2210,34,10707
2210,38,13312
2210,42,10998
2210,46,10840
2210,51,12932
2210,55,11837
2210,59,12406
2210,63,13470
2210,65,11138
2210,69,13640
2210,73,11557
2210,77,10568
2211,1,11856
2211,5,12579
2211,9,12252
2211,13,10662
2211,16,14204
2211,20,11799
2211,24,10161
2211,28,12362
2212,4,13282
2212,8,10892
2212,12,14412
2212,17,10491
2212,21,12350
2213,1,10370
2213,5,11317
2213,9,10780
2214,3,12124
2214,7,11283
2214,11,11499
2215,2,10284
2215,6,11006
2215,10,13263
2215,14,11988
2215,19,11511
2216,4,14390
2302,2,12092
2303,3,10089
2303,7,13490
2303,11,12097
2303,15,11048
2303,18,13388
2303,22,10779
2303,26,11791
2303,30,10341
2303,33,10199
2304,1,11923
2304,5,12822
2304,9,11985
2305,4,12126
2305,8,10435
2305,12,11231
2305,17,12643
2306,2,13377
2306,6,14296
2306,10,14279
2306,14,10226
2306,19,11588
2306,23,12916
2306,27,13424
2307,3,10686
2307,7,10122
2307,11,10790
2307,15,14393
2308,2,12922
2308,6,13760
2308,10,12837
2308,14,10898
2308,19,12414
2308,23,14408
2308,27,14106
2308,31,14019
2308,32,12348
2309,3,11656
2309,7,11880
2309,11,13394
2310,1,10419
2310,5,11336
2310,9,10753
2311,4,12524
2311,8,14179
2312,2,10210
2312,6,12911
2312,10,12724
2312,14,12780
2312,19,12773
2312,23,12577
2402,1,10897
2403,4,12255
2403,8,14072
2403,12,12528
2403,17,10469
2403,21,13254
2403,25,14165
2404,1,11103
2404,5,13980
2405,4,12223
2406,2,10112
2502,3,10661
2502,7,12085
2502,11,10063
2503,2,10544
2504,4,12529
2504,8,11782
2504,12,10245
2504,17,10131
2505,1,11948
2505,5,11842
2505,9,11915
2505,13,14076
2505,16,11699
2505,20,13463
2505,24,10083
2505,28,10107
2505,35,10511
2505,39,11277
2505,43,11242
2505,47,10865
2505,50,12038
2505,54,11887
2505,58,10311
2505,62,13159
2505,64,10440
2505,68,10097
2507,2,10660
2507,6,13171
2507,10,12416
2507,14,14303
2508,3,10313
2602,2,11673
2604,2,12812
2604,6,12522
2604,10,12589
2604,14,11830
2607,4,10849
2608,1,10061
2608,5,12504
2608,9,11476
2610,2,13400
2610,6,11654
2610,10,11152
2611,3,13806
2612,2,12404
2613,3,11871
2613,7,13797
2613,11,13141
2613,15,10968
2613,18,11875
2614,1,12170
2703,1,10436
2705,1,11112
2705,5,10924
2705,9,11535
2705,13,10882
2705,16,13381
2705,20,10144
2705,24,12082
2705,28,11001
2706,3,11681
2707,2,11209
2707,6,10902
2707,10,14478
2707,14,12846
2707,19,13444
2708,3,11811
2708,7,11553
2708,11,11172
2711,1,14354
2711,5,13001
2711,9,14126
2712,3,10832
2712,7,11623
2712,11,10401
2712,15,11227
2712,18,10293
2713,2,11316
2713,6,12246
2713,10,10981
2713,14,10754
2713,19,12369
2713,23,10890
2713,27,11232
2713,31,11860
2713,32,10381
2713,36,10528
2713,40,12328
2715,1,11348
2715,5,10365
2716,4,10554
2716,8,11628
2717,1,11011
2720,1,10309
2720,5,10345
2720,9,10746
2721,4,10073
2723,3,10831
2725,3,12297
2725,7,10150
2725,11,10526
2725,15,10195
2725,18,12914
2726,1,12317
2727,4,12840
2728,2,11627
2728,6,10919
2728,10,12212
2728,14,10706
2728,19,11368
2729,3,11987
2729,7,10290
2730,1,11067
2730,5,12379
2730,9,11491
2730,13,10755
2730,16,11355
2730,20,10392
2730,24,11914
2730,28,12505
2731,4,13869
2731,8,10250
2731,12,14384
2732,1,11068
2732,5,10071
2734,2,11134
2734,6,11318
2734,10,14199
2734,14,11730
2734,19,10925
2734,23,10277
2735,3,11629
2735,7,10209
2735,11,14495
2735,15,13847
2735,18,11174
2736,2,13921
2736,6,11264
2736,10,11117
2736,14,11071
2736,19,14028
2737,3,11934
2737,7,11909
2737,11,12267
2737,15,10945
2737,18,12286
2737,22,13551
2737,26,10397
2737,30,12049
2738,1,10537
2738,5,11282
2738,9,10459
2738,13,11334
2738,16,10023
2739,4,13761
2739,8,12096
2739,12,14212
2739,17,13275
2739,21,12602
2739,25,11824
2739,29,10166
2739,34,12402
2739,38,12057
2739,42,12054
2739,46,13340
2739,51,11833
2740,1,12333
2740,5,12419
2740,9,11361
2740,13,12018
2740,16,10518
2740,20,10816
2740,24,10696
2740,28,10983
2740,35,12992
2740,39,12198
2740,43,13759
2740,47,12689
2740,50,10665
2741,4,10642
2741,8,10977
2741,12,11828
2741,17,12484
2741,21,10844
2741,25,12994
2741,29,11016
2742,2,13946
2742,6,13677
2743,3,10390
2743,7,10960
2745,4,11991
2745,8,13543
2745,12,12600
2745,17,14057
2745,21,10499
2746,2,14020
2746,6,12173
2746,10,11364
2746,14,12695
2746,19,11866
2746,23,12538
2746,27,11950
2746,31,11381
2746,32,10569
2746,36,11658
2746,40,10276
2746,44,12237
2746,49,12476
2746,53,11713
2746,57,12064
2746,61,11267
2746,67,12830
2746,71,11189
2746,75,10619
2746,79,12117
2746,82,10280
2746,86,12459
2746,90,11069
2746,94,10630
2748,2,13100
2803,1,11337
2804,4,12061
2804,8,10056
2804,12,10814
2805,1,10241
2805,5,14411
2805,9,12608
2805,13,11094
2805,16,10918
2805,20,10581
2805,24,14394
2805,28,13397
2806,3,12963
2807,2,11456
2808,4,12702
2808,8,13481
2809,1,11204
2910,2,12790
2916,3,10140
2916,7,13479
2916,11,12489
2916,15,12554
3002,1,13202
3003,4,10920
3004,1,10375
3004,5,13970
3004,9,13037
3004,13,13719
3005,4,11931
3103,3,10095
3103,7,10325
3103,11,10463
3103,15,10251
3103,18,10477
3104,4,12762
3104,8,12491
3105,1,12917
3106,3,10818
3106,7,12603
3106,11,10346
3107,2,11484
3107,6,10566
3107,10,11666
3107,14,11683
3107,19,10425
3107,23,11262
3107,27,12077
3107,31,11965
3107,32,11804
3107,36,10657
3108,3,10358
3109,2,10244
3109,6,12250
3109,10,14299
3109,14,11513
3200,1,12430
3202,2,12787
3202,6,12485
3203,3,12663
3203,7,10263
3203,11,10182
3203,15,12980
3203,18,14313
3203,22,12245
3203,26,12889
3203,30,11388
3203,33,13272
3203,37,12553
3204,2,11285
3204,6,11983
3204,10,12241
3204,14,10730
3204,19,13353
3205,3,10853
3205,7,11577
3205,11,13211
3205,15,13283
3205,18,13284
3205,22,10547
3206,1,11265
3207,4,12268
3207,8,14229
3207,12,12997
3207,17,11756
3207,21,14173
3207,25,11793
3207,29,12448
3207,34,13510
3207,38,12704
3207,42,10475
3207,46,10970
3207,51,12802
3300,1,13910
3300,5,14087
3300,9,14340
3300,13,12877
3300,16,13624
3302,2,13742
3303,3,12490
3303,7,14027
3304,1,13789
3304,5,14425
3304,9,13701
3304,13,12884
3304,16,13987
3304,20,12363
3304,24,13348
3304,28,13064
3304,35,13652
3304,39,14060
3304,43,10072
3304,47,10589
3304,50,13895
3304,54,13780
3304,58,14462
3304,62,13299
3304,64,11715
3304,68,12474
3304,72,14277
3304,76,12952
3304,81,14037
3304,85,13273
3304,89,14271
3304,93,14205
3304,98,12931
3304,102,13184
3304,106,12616
3304,110,14283
3304,115,14097
3304,119,11835
3304,123,13368
3304,127,12345
3304,130,13084
3304,134,14508
3305,4,13512
3305,8,12473
3305,12,13285
3306,2,12265
3306,6,10509
3306,10,10348
3306,14,13633
3307,3,11466
3308,2,13101
3308,6,12736
3308,10,13021
3308,14,14268
3308,19,14259
3308,23,14397
3308,27,14206
3308,31,12895
3308,32,12982
3308,36,14448
3308,40,13877
3310,1,12658
3310,5,13727
3311,4,13406
3311,8,11514
3311,12,13911
3311,17,14203
3312,1,12194
3312,5,12936
3312,9,12525
3312,13,12765
3312,16,10747
3312,20,13376
3312,24,14504
3312,28,13320
3312,35,11645
3312,39,12320
3312,43,13076
3312,47,11474
3312,50,14140
3312,54,14077
3312,58,13135
3312,62,13162
3312,64,12219
3312,68,13914
3312,72,12656
3312,76,14176
3312,81,13574
3312,85,10574
3312,89,11755
3312,93,14080
3312,98,10314
3312,102,13503
3312,106,14111
3312,110,12730
3312,115,14084
3312,119,13692
3312,123,11120
3312,127,11506
3312,130,13014
3312,134,11859
3312,138,13119
3312,142,13051
3312,147,14440
3312,151,10652
3312,155,10893
3312,159,13003
3312,160,14201
3312,164,13802
3312,168,11239
3312,172,14476
3312,177,12609
3312,181,13491
3312,185,13525
3312,189,13337
3312,195,11024
3312,199,13632
3312,203,11475
3312,207,10722
3312,210,12231
3312,214,12839
3312,218,14023
3312,222,14038
3313,4,12725
3313,8,10698
3314,2,14041
3314,6,12532
3314,10,14123
3314,14,12512
3314,19,13215
3314,23,10165
3315,3,11121
3315,7,12028
3315,11,10133
3315,15,10557
3316,2,12323
3316,6,13786
3316,10,12864
3316,14,14105
3316,19,13327
3316,23,13134
3316,27,14125
3316,31,13448
3316,32,12711
3316,36,14022
3317,3,13784
3317,7,13566
3317,11,12312
3317,15,14292
3317,18,12011
3317,22,13618
3317,26,12393
3318,1,11888
3318,5,12515
3318,9,10942
3318,13,12908
3318,16,13700
3318,20,11540
3320,2,13494
3320,6,14171
3320,10,12550
3320,14,12690
3320,19,14433
3320,23,14349
3320,27,13948
3320,31,13057
3320,32,13739
3320,36,14302
3320,40,13995
3320,44,11971
3320,49,14133
3320,53,12767
3320,57,12961
3320,61,10749
3320,67,13029
3320,71,12669
3320,75,14036
3320,79,14209
3320,82,14515
3320,86,10628
3320,90,10443
3320,94,10794
3320,97,12986
3320,101,13988
3320,105,14441
3320,109,13291
3320,112,13086
3320,116,14492
3321,3,11421
3322,1,14016
3322,5,13731
3322,9,13033
3322,13,11410
3322,16,13850
3404,4,10838
3404,8,13791
3504,3,12145
3505,2,10113
3506,4,10257
3600,3,14358
3600,7,12781
3600,11,13883
3600,15,13822
3600,18,12595
3600,22,13242
3600,26,14463
3600,30,12847
3600,33,11816
3600,37,11446
3600,41,11639
3600,45,11376
3600,48,13555
3603,1,10852
3604,4,13770
3605,1,14400
3605,5,14447
3605,9,13243
3607,2,13866
3609,1,12207
3609,5,12138
3611,2,12339
3612,3,13986
3612,7,14407
3616,2,12831
3616,6,11692
3616,10,12823
1100,4,13288
1100,8,13838
1100,12,14505
1100,17,13478
1102,3,13378
1102,7,12310
1102,11,10584
1103,2,13338
1103,6,12674
1104,3,12841
1104,7,12710
1105,2,13679
1105,6,13781
1105,10,13950
1105,14,12329
1105,19,11900
1105,23,10174
1105,27,10487
1105,31,11494
1105,32,12568
1106,4,12330
1106,8,14124
1106,12,14010
1106,17,10486
1106,21,14438
1106,25,12403
1106,29,12349
1107,1,14367
1107,5,13591
1109,1,14048
1109,5,11706
1109,9,10135
1109,13,12713
1110,3,13992
1110,7,11418
1110,11,11066
1110,15,14195
1110,18,12093
1110,22,12161
1110,26,11796
1110,30,13125
1110,33,10434
1110,37,12855
1110,41,11426
1110,45,11136
1110,48,10076
1110,52,10184
1110,56,10520
1110,60,12407
1110,66,12472
1110,70,10616
1110,74,12721
1110,78,12742
1110,83,11470
1110,87,12455
1111,2,11275
1111,6,12294
1111,10,13102
1200,3,13571
1202,4,12999
1202,8,13593
1202,12,13302
1202,17,14355
1202,21,12862
1202,25,13938
1202,29,13332
1202,34,13089
1202,38,12409
1202,42,12454
1203,1,12341
1203,5,10383
1203,9,13538
1203,13,13122
1203,16,13912
1203,20,10759
1204,4,13372
1204,8,11857
1204,12,14388
1204,17,13831
1205,1,12266
1205,5,10595
1206,3,14357
1207,2,13308
1207,6,13641
1207,10,13359
1207,14,14116
1207,19,12182
1208,4,12678
1208,8,14247
1208,12,10366
1208,17,13028
1208,21,14192
1208,25,13474
1208,29,12559
1208,34,13450
1208,38,12974
1208,42,11717
1208,46,13433
1208,51,13672
1209,1,13316
1209,5,13367
1209,9,14035
1210,3,11113
1211,2,12726
1211,6,13788
1211,10,12119
1211,14,12366
1211,19,13902
1211,23,12857
1211,27,12164
1211,31,14401
1211,32,13712
1211,36,11463
1211,40,12558
1211,44,11982
1211,49,13264
1212,3,11563
1212,7,12470
1212,11,13636
1212,15,13347
1213,2,13342
1213,6,12444
1213,10,13683
1213,14,14002
1302,1,10676
1303,4,12910
1304,2,10874
1304,6,14488
1305,3,12996
1305,7,12856
1306,1,11547
1306,5,11287
1306,9,10062
1306,13,10620
1307,4,10379
1307,8,12094
1307,12,13127
1307,17,11685
1308,1,11142
1310,2,11684
1310,6,13849
1311,3,14333
1311,7,13199
1311,11,11310
1311,15,12919
1311,18,10769
1311,22,10134
1311,26,12355
1311,30,10261
1311,33,13984
1311,37,11077
1312,4,12763
1312,8,12215
1312,12,12530
1312,17,11515
1312,21,11882
1312,25,12683
1312,29,13326
1312,34,11845
1312,38,10269
1312,42,10432
1312,46,10602
1312,51,11786
1312,55,13012
1312,59,10301
1312,63,11305
1312,65,10294
1312,69,11237
1312,73,10493
1312,77,11219
1312,80,11927
1312,84,12434
1312,88,10268
1312,92,11072
1312,99,11908
1312,103,13187
1312,107,11884
1312,111,13651
1312,114,11482
1312,118,13223
1312,122,11559
1312,126,11308
1312,131,11841
1312,135,10929
1313,1,11319
1314,3,11193
1402,2,14183
1402,6,10019
1402,10,12123
1402,14,13744
1402,19,14138
1404,2,11938
1404,6,14187
1404,10,11891
1404,14,10974
1405,3,13181
1405,7,13985
1405,11,12735
1405,15,14014
1406,1,14244
1406,5,11161
1406,9,13169
1406,13,13355
1407,4,13449
1407,8,10154
1407,12,14410
1407,17,12843
1407,21,14436
1407,25,13580
1407,29,13803
1408,1,11864
1408,5,12428
1408,9,10115
1408,13,12185
1408,16,13204
1408,20,12225
1408,24,10415
1408,28,11939
1408,35,13384
1408,39,13703
1503,1,12112
1506,1,11936
1507,4,11379
1508,1,11593
1602,1,13325
1602,5,11460
1604,1,13361
1604,5,10973
1604,9,11281
1605,4,11298
1605,8,13833
1605,12,12240
1605,17,10956
1605,21,10909
1605,25,12973
1605,29,12410
1605,34,13239
1605,38,12191
1605,42,14318
1605,46,14099
1605,51,13304
1605,55,13876
1605,59,10354
1606,2,13539
1606,6,12327
1607,3,10908
1607,7,10683
1607,11,11809
1702,2,12761
1702,6,11512
1702,10,13904
1702,14,12380
1702,19,13623
1702,23,13898
1702,27,10862
1702,31,11902
1702,32,14175
1702,36,11574
1702,40,14351
1702,44,12535
1702,49,14064
1702,53,11550
1702,57,11612
1702,61,10764
1702,67,13650
1702,71,13398
1702,75,13062
1703,3,10720
1703,7,10211
1703,11,11727
1703,15,13523
1703,18,11125
1703,22,11435
1704,1,13615
1705,4,13693
1705,8,14455
1705,12,13807
1705,17,10715
1705,21,13345
1705,25,13924
1705,29,10400
1705,34,13553
1705,38,11498
1705,42,14353
1706,2,11704
1706,6,11675
1706,10,12171
1707,3,12874
1707,7,11017
1707,11,10638
1707,15,11448
1707,18,12292
1707,22,10688
1707,26,10052
1707,30,10586
1707,33,10531
1708,2,12122
1708,6,10933
1709,3,13155
1709,7,10803
1710,1,10430
1710,5,13270
1710,9,13913
1710,13,13373
1710,16,11644
1710,20,14519
1710,24,12408
1710,28,13565
1710,35,14430
1710,39,14435
1710,43,10734
1710,47,14414
1710,50,13676
1710,54,14042
1710,58,12799
1710,62,14029
1710,64,10203
1710,68,13647
1710,72,11813
1710,76,12601
1711,4,11309
1711,8,12205
1712,1,10743
1712,5,12423
1802,4,13696
1802,8,11986
1802,12,11530
1803,1,13480
1803,5,14260
1803,9,14328
1803,13,14369
1803,16,12659
1803,20,12401
1803,24,14222
1803,28,14509
1804,4,11890
1804,8,11443
1902,4,10075
1902,8,12202
1902,12,11320
1904,4,11643
1906,3,11740
1907,2,13177
1908,3,10572
1908,7,10110
1910,4,12806
1910,8,10255
1911,1,12637
1911,5,11926
2000,1,11742
2000,5,13172
2000,9,10128
2002,2,11043
2002,6,14467
2002,10,11762
2002,14,14143
2002,19,14223
2002,23,14008
2002,27,13042
2002,31,13825
2002,32,13389
2002,36,12825
2002,40,11270
2002,44,14129
2002,49,14503
2002,53,11059
2002,57,13547
2002,61,13138
2002,67,11911
2002,71,13237
2002,75,12722
2002,79,13255
2003,3,10047
2003,7,14317
2003,11,13074
2003,15,14101
2103,1,14428
2105,2,11626
2105,6,13691
2105,10,11225
2105,14,13746
2105,19,12617
2202,1,11367
2202,5,11489
2202,9,13855
2202,13,12699
2202,16,12513
2202,20,13257
2202,24,14423
2202,28,12560
2202,35,12042
2202,39,11038
2202,43,12125
2203,4,11099
2203,8,11904
2203,12,12759
2204,1,11190
2204,5,10323
2204,9,12391
2204,13,13362
2204,16,12677
2204,20,12627
2204,24,11009
2204,28,12642
2204,35,12386
2204,39,11517
2204,43,10104
2204,47,10675
2204,50,11582
2204,54,10782
2204,58,11569
2204,62,13820
2204,64,12050
2204,68,10507
2204,72,11932
2205,4,10264
2205,8,13031
2205,12,13941
2205,17,12102
2205,21,12152
2205,25,12482
2205,29,12233
2205,34,11352
2205,38,10534
2205,42,12487
2206,2,10719
2206,6,10173
2206,10,10553
2206,14,13951
2206,19,12166
2206,23,12540
2206,27,10500
2207,3,11110
2207,7,13382
2207,11,13717
2207,15,11394
2207,18,13293
2207,22,10571
2207,26,14470
2207,30,12709
2207,33,13065
2207,37,12810
2207,41,14270
2208,4,11690
2208,8,11343
2208,12,12737
2208,17,11451
2208,21,13429
2208,25,13046
2208,29,12452
2208,34,12808
2208,38,12300
2208,42,11637
2208,46,11185
2208,51,10018
2208,55,12692
2208,59,13436
2208,63,11607
2208,65,12163
2208,69,10228
2208,73,10148
2208,77,11429
2208,80,10611
2208,84,10247
2208,88,10781
2208,92,13856
2208,99,10299
2208,103,13816
2208,107,14502
2208,111,11409
2208,114,12222
2209,1,13290
2209,5,11159
2209,9,13027
2209,13,11568
2209,16,12984
2210,3,12959
2210,7,13451
2210,11,13584
2210,15,11351
2210,18,10700
2210,22,11145
2210,26,11143
2210,30,14454
2210,33,13790
2210,37,13020
2210,41,10717
2210,45,14096
2210,48,13341
2210,52,13685
2210,56,11529
2210,60,11945
2210,66,12099
2210,70,11774
2210,74,13094
2210,78,14304
2211,2,11202
2211,6,11201
2211,10,10514
2211,14,11854
2211,19,12971
2211,23,12118
2211,27,11565
2212,3,11609
2212,7,14359
2212,11,13190
2212,15,11500
2212,18,13885
2212,22,11192
2213,2,14368
2213,6,14392
2213,10,13923
2214,4,10689
2214,8,10986
2214,12,11408
2215,1,12190
2215,5,10121
2215,9,14456
2215,13,12546
2215,16,11933
2215,20,11344
2216,3,13518
2302,1,13955
2303,4,12091
2303,8,10577
2303,12,11913
2303,17,14177
2303,21,11004
2303,25,13548
2303,29,10111
2304,2,10995
2304,6,10236
2304,10,11869
2305,3,10770
2305,7,11490
2305,11,12543
2305,15,11312
2305,18,11119
2306,1,10347
2306,5,14329
2306,9,10319
2306,13,10332
2306,16,11186
2306,20,11088
2306,24,11963
2306,28,13203
2307,4,12705
2307,8,10692
2307,12,11493
2308,1,13729
2308,5,13654
2308,9,12165
2308,13,14341
2308,16,13893
2308,20,13058
2308,24,12013
2308,28,13432
2309,4,11955
2309,8,13732
2309,12,12870
2310,2,12316
2310,6,13916
2310,10,11180
2311,3,11952
2311,7,11108
2312,1,10016
2312,5,11188
2312,9,10330
2312,13,14178
2312,16,12697
2312,20,13793
2312,24,11331
2402,2,13817
2403,3,10580
2403,7,10506
2403,11,11668
2403,15,12672
2403,18,10031
2403,22,11346
2403,26,13410
2404,2,11688
2404,6,10428
2405,3,10695
2405,7,11155
2406,1,11767
2500,3,13129
2502,4,11278
2502,8,10729
2502,12,10488
2503,1,10132
2504,3,12200
2504,7,11661
2504,11,10179
2504,15,10939
2505,2,13889
2505,6,10074
2505,10,14184
2505,14,12299
2505,19,12588
2505,23,13249
2505,27,11940
2505,31,10811
2505,32,10592
2505,36,10204
2505,40,10079
2505,44,11315
2505,49,11286
2505,53,12506
2505,57,11878
2505,61,10922
2505,67,12046
2507,1,11128
2507,5,10513
2507,9,12628
2507,13,10810
2508,4,12039
2602,1,11428
2602,5,11703
2604,1,10884
2604,5,11049
2604,9,11564
2604,13,12037
2604,16,10541
2607,3,11329
2608,2,12396
2608,6,11822
2608,10,11151
2610,1,14500
2610,5,10588
2610,9,11680
2611,4,11829
2612,1,12661
2612,5,10963
2613,4,11345
2613,8,10845
2613,12,13500
2613,17,12062
2703,2,11199
2704,3,10445
2705,2,10745
2705,6,10065
2705,10,11217
2705,14,12291
2705,19,12230
2705,23,11962
2705,27,10821
2706,4,11738
2707,1,11327
2707,5,12891
2707,9,13281
2707,13,14461
2707,16,13026
2707,20,11709
2708,4,11868
2708,8,11013
2708,12,11033
2711,2,11473
2711,6,11655
2711,10,10645
2712,4,10694
2712,8,10748
2712,12,10560
2712,17,10793
2713,1,10979
2713,5,10416
2713,9,10300
2713,13,10351
2713,16,10218
2713,20,11243
2713,24,12411
2713,28,14078
2713,35,10146
2713,39,10654
2715,2,10671
2716,3,12400
2716,7,11917
2717,2,10496
2720,2,10649
2720,6,11616
2720,10,10452
2721,3,12025
2724,1,10285
2725,4,11288
2725,8,11754
2725,12,10976
2725,17,12849
2725,21,12047
2727,3,10684
2727,7,11139
2728,1,10855
2728,5,12622
2728,9,12494
2728,13,11763
2728,16,11271
2728,20,10420
2729,4,10673
2729,8,10989
2730,2,11221
2730,6,10336
2730,10,10335
2730,14,11296
2730,19,10570
2730,23,10163
2730,27,14364
2730,31,10583
2730,32,14326
2731,3,12523
2731,7,11867
2731,11,13467
2732,2,10455
2732,6,12209
2733,3,10307
2734,1,11154
2734,5,13383
2734,9,12429
2734,13,11207
2734,16,13834
2734,20,10238
2735,4,12547
2735,8,13091
2735,12,11389
2735,17,11292
2736,1,13505
2736,5,10678
2736,9,13809
2736,13,13130
2736,16,11036
2736,20,12059
2737,4,12279
2737,8,11571
2737,12,10352
2737,17,10086
2737,21,11109
2737,25,10155
2737,29,10060
2738,2,14511
2738,6,11921
2738,10,10094
2738,14,10498
2739,3,12920
2739,7,10997
2739,11,10482
2739,15,11961
2739,18,11163
2739,22,10364
2739,26,11153
2739,30,12878
2739,33,12655
2739,37,10786
2739,41,13097
2739,45,10576
2739,48,11015
2739,52,10912
2740,2,10417
2740,6,13657
2740,10,10697
2740,14,12829
2740,19,11356
2740,23,12067
2740,27,11026
2740,31,12876
2740,32,10322
2740,36,10549
2740,40,10957
2740,44,11651
2740,49,10143
2741,3,11775
2741,7,10563
2741,11,14275
2741,15,10954
2741,18,11304
2741,22,11566
2741,26,10522
2741,30,11377
2742,1,11427
2742,5,11585
2743,4,10550
2743,8,11662
2745,3,11092
2745,7,12800
2745,11,12960
2745,15,10105
2745,18,14015
2745,22,12110
2746,1,13533
2746,5,10442
2746,9,11055
2746,13,10980
2746,16,10193
2746,20,12578
2746,24,12183
2746,28,10458
2746,35,11562
2746,39,11218
2746,43,10512
2746,47,12053
2746,50,11855
2746,54,11453
2746,58,10189
2746,62,13878
2746,64,13639
2746,68,11812
2746,72,10839
2746,76,11785
2746,81,11035
2746,85,11518
2746,89,12598
2746,93,13110
2748,1,11570
2748,5,11815
2804,3,12331
2804,7,11601
2804,11,12236
2805,2,10106
2805,6,10982
2805,10,11997
2805,14,10465
2805,19,12035
2805,23,12520
2805,27,10914
2807,1,10342
2808,3,14144
2808,7,12580
2809,2,10334
2910,1,14316
2916,4,12075
2916,8,12873
2916,12,12280
2916,17,11584
3003,3,10704
3004,2,14331
3004,6,14108
3004,10,13798
3004,14,13322
3005,3,12356
3102,1,11996
3103,4,12836
3103,8,10026
3103,12,11445
3103,17,10159
3103,21,11960
3104,3,11486
3104,7,10681
3105,2,12153
3106,4,10025
3106,8,13458
3106,12,10527
3107,1,13493
3107,5,11993
3107,9,11449
3107,13,10739
3107,16,10523
3107,20,12004
3107,24,10666
3107,28,11897
3107,35,11414
3108,4,11216
3109,1,12516
3109,5,13769
3109,9,10248
3109,13,12592
3109,16,13126
3202,1,11519
3202,5,13821
3203,4,11093
3203,8,13143
3203,12,12666
3203,17,13118
3203,21,11123
3203,25,10242
3203,29,12258
3203,34,12684
3203,38,13782
3204,1,14085
3204,5,10813
3204,9,10656
3204,13,10731
3204,16,12993
3204,20,11587
3205,4,13536
3205,8,10667
3205,12,12757
3205,17,13471
3205,21,13380
3206,2,14104
3207,3,11454
3207,7,11431
3207,11,12753
3207,15,13435
3207,18,10272
3207,22,12593
3207,26,12493
3207,30,14045
3207,33,13968
3207,37,12521
3207,41,14513
3207,45,11104
3207,48,12882
3207,52,13829
3300,2,13066
3300,6,13765
3300,10,14228
3300,14,13586
3302,1,13256
3303,4,14044
3303,8,14218
3304,2,14449
3304,6,13131
3304,10,12826
3304,14,12160
3304,19,11779
3304,23,14182
3304,27,12925
3304,31,13063
3304,32,12545
3304,36,13627
3304,40,14483
3304,44,13884
3304,49,13930
3304,53,13570
3304,57,11299
3304,61,14267
3304,67,11101
3304,71,13830
3304,75,10674
3304,79,14095
3304,82,14482
3304,86,13981
3304,90,13305
3304,94,13085
3304,97,13936
3304,101,10437
3304,105,12500
3304,109,10561
3304,112,14033
3304,116,14376
3304,120,13853
3304,124,14240
3304,129,14136
3304,133,13464
3304,137,14391
3305,3,12798
3305,7,13749
3305,11,13865
3305,15,10757
3306,1,10833
3306,5,14226
3306,9,13524
3306,13,14265
3308,1,14115
3308,5,14258
3308,9,13357
3308,13,14255
3308,16,13096
3308,20,13528
3308,24,10802
3308,28,14497
3308,35,14432
3308,39,13879
3310,2,13814
3310,6,10265
3311,3,11805
3311,7,10883
3311,11,11003
3311,15,13973
3311,18,10726
3312,2,13428
3312,6,12311
3312,10,11042
3312,14,14238
3312,19,11696
3312,23,11384
3312,27,11743
3312,31,12969
3312,32,13589
3312,36,13043
3312,40,13724
3312,44,11776
3312,49,12337
3312,53,13707
3312,57,11350
3312,61,13631
3312,67,12785
3312,71,13900
3312,75,12501
3312,79,13017
3312,82,10609
3312,86,13360
3312,90,13521
3312,94,14350
3312,97,12088
3312,101,13823
3312,105,13915
3312,109,13605
3312,112,13947
3312,116,10349
3312,120,13401
3312,124,12686
3312,129,13620
3312,133,10216
3312,137,13660
3312,141,14053
3312,144,11981
3312,148,12375
3312,152,12987
3312,156,11573
3312,163,12503
3312,167,11197
3312,171,13311
3312,175,14281
3312,178,10070
3312,182,13469
3312,186,13441
3312,190,13835
3312,192,13300
3312,196,13614
3312,200,12953
3312,204,13622
3312,209,14110
3312,213,10055
3312,217,12143
3312,221,11647
3313,3,13800
3313,7,13154
3314,1,13669
3314,5,13705
3314,9,14208
3314,13,14332
3314,16,14031
3314,20,13939
3314,24,14289
3315,4,13979
3315,8,13799
3315,12,13625
3316,1,14379
3316,5,12861
3316,9,12036
3316,13,13907
3316,16,11198
3316,20,13421
3316,24,13461
3316,28,13303
3316,35,13868
3317,4,13927
3317,8,12563
3317,12,12629
3317,17,12842
3317,21,11977
3317,25,13839
3318,2,13926
3318,6,13989
3318,10,14361
3318,14,13173
3318,19,14315
3320,1,13445
3320,5,13598
3320,9,12956
3320,13,14237
3320,16,13158
3320,20,10108
3320,24,10289
3320,28,13993
3320,35,14443
3320,39,12633
3320,43,13942
3320,47,12764
3320,50,13369
3320,54,11076
3320,58,14457
3320,62,13875
3320,64,13549
3320,68,13762
3320,72,13075
3320,76,13271
3320,81,13501
3320,85,14284
3320,89,12723
3320,93,13002
3320,98,13564
3320,102,14188
3320,106,14086
3320,110,12210
3320,115,13186
3322,2,13694
3322,6,12483
3322,10,14520
3322,14,13513
3322,19,13343
3404,3,11074
3404,7,13385
3504,4,10359
3505,1,11958
3506,3,11452
3600,4,13695
3600,8,11832
3600,12,14130
3600,17,12614
3600,21,13022
3600,25,10795
3600,29,13099
3600,34,11744
3600,38,11537
3600,42,13861
3600,46,12947
3603,2,13108
3604,3,12367
3604,7,11773
3605,2,13319
3605,6,11396
3605,10,14416
3607,1,13690
3609,2,13279
3609,6,11759
3611,1,13111
3611,5,12066
3612,4,12315
3614,3,10946
3616,1,13813
3616,5,11358
3616,9,14040
1100,2,12904
1100,6,14018
1100,10,14269
1100,14,12098
1100,19,13630
1102,1,13628
1102,5,12003
1102,9,13358
1103,4,10333
1103,8,11495
1104,1,11390
1104,5,13892
1105,4,12733
1105,8,11836
1105,12,11228
1105,17,12359
1105,21,13396
1105,25,14310
1105,29,14137
1106,2,10225
1106,6,10650
1106,10,11957
1106,14,12583
1106,19,12192
1106,23,13871
1106,27,10141
1106,31,14242
1106,32,12486
1107,3,13009
1107,7,14256
1109,3,12701
1109,7,12321
1109,11,12234
1110,1,12944
1110,5,11973
1110,9,11979
1110,13,12305
1110,16,13015
1110,20,13934
1110,24,12431
1110,28,10733
1110,35,12243
1110,39,12087
1110,43,11760
1110,47,12211
1110,50,14521
1110,54,12828
1110,58,13390
1110,62,12113
1110,64,12771
1110,68,13688
1110,72,14194
1110,76,12045
1110,81,10869
1110,85,10431
1110,89,10494
1111,4,12792
1111,8,10004
1111,12,12754
1200,1,14366
1202,2,13519
1202,6,12886
1202,10,14494
1202,14,13848
1202,19,12575
1202,23,13392
1202,27,12324
1202,31,13577
1202,32,12777
1202,36,13495
1202,40,12076
1202,44,13845
1203,3,13310
1203,7,12373
1203,11,12353
1203,15,14021
1203,18,12881
1204,2,12555
1204,6,14506
1204,10,13070
1204,14,10992
1204,19,13714
1205,3,13167
1206,1,11657
1206,5,12372
1207,4,14517
1207,8,11137
1207,12,14151
1207,17,12445
1208,2,14046
1208,6,12972
1208,10,12377
1208,14,13174
1208,19,13704
1208,23,14385
1208,27,13259
1208,31,11893
1208,32,13024
1208,36,13179
1208,40,11935
1208,44,13250
1208,49,12214
1208,53,13778
1209,3,13268
1209,7,12514
1210,1,13996
1210,5,11425
1211,4,13497
1211,8,12927
1211,12,10297
1211,17,13661
1211,21,14460
1211,25,12743
1211,29,13005
1211,34,13940
1211,38,13545
1211,42,12133
1211,46,14278
1212,1,14132
1212,5,13072
1212,9,14343
1212,13,13356
1213,4,12803
1213,8,14243
1213,12,11391
1213,17,12283
1303,2,12497
1303,6,12915
1304,4,12381
1305,1,11455
1305,5,11617
1306,3,13971
1306,7,12465
1306,11,11591
1307,2,12793
1307,6,10825
1307,10,11144
1307,14,13637
1308,3,12167
1309,2,13107
1310,4,13220
1311,1,10120
1311,5,11764
1311,9,12989
1311,13,11968
1311,16,12924
1311,20,12370
1311,24,11928
1311,28,13664
1311,35,10012
1311,39,11642
1312,2,10836
1312,6,12685
1312,10,13725
1312,14,12257
1312,19,12561
1312,23,12620
1312,27,10878
1312,31,12668
1312,32,12388
1312,36,10240
1312,40,12287
1312,44,12946
1312,49,10505
1312,53,10725
1312,57,14285
1312,61,10934
1312,67,11677
1312,71,11078
1312,75,13437
1312,79,12789
1312,82,10691
1312,86,14049
1312,90,14135
1312,94,12576
1312,97,11124
1312,101,10044
1312,105,11970
1312,109,10222
1312,112,14065
1312,116,11339
1312,120,11736
1312,124,13426
1312,129,11480
1312,133,11501
1313,3,10343
1314,1,12976
1402,4,13972
1402,8,12276
1402,12,10081
1402,17,11365
1402,21,13366
1403,1,14139
1404,4,10164
1404,8,11572
1404,12,14320
1405,1,10856
1405,5,10058
1405,9,14147
1405,13,13276
1405,16,14453
1406,3,12384
1406,7,13025
1406,11,14373
1406,15,11536
1407,2,14026
1407,6,13408
1407,10,13626
1407,14,12415
1407,19,11543
1407,23,12816
1407,27,12376
1408,3,11437
1408,7,13402
1408,11,12958
1408,15,11552
1408,18,13957
1408,22,13164
1408,26,10003
1408,30,14102
1408,33,12815
1408,37,12662
1408,41,14058
1409,2,12399
1503,3,10495
1507,2,11947
1602,3,10640
1602,7,13079
1604,3,10096
1604,7,12646
1604,11,12557
1605,2,13649
1605,6,10013
1605,10,11611
1605,14,13568
1605,19,13265
1605,23,12318
1605,27,11441
1605,31,13230
1605,32,11831
1605,36,10817
1605,40,11746
1605,44,12527
1605,49,10578
1605,53,14459
1605,57,10092
1605,61,12893
1606,4,12044
1606,8,12274
1607,1,13604
1607,5,13675
1607,9,11111
1702,4,11307
1702,8,11975
1702,12,12128
1702,17,13629
1702,21,11130
1702,25,13702
1702,29,12031
1702,34,12026
1702,38,11273
1702,42,11424
1702,46,13018
1702,51,10456
1702,55,10320
1702,59,10711
1702,63,10682
1702,65,10462
1702,69,10664
1702,73,10100
1702,77,10820
1703,1,12794
1703,5,12002
1703,9,11697
1703,13,10374
1703,16,10792
1703,20,12100
1703,24,12536
1704,3,14254
1705,2,12801
1705,6,11478
1705,10,12879
1705,14,11596
1705,19,11181
1705,23,10138
1705,27,11321
1705,31,11347
1705,32,12564
1705,36,13748
1705,40,10714
1706,4,11122
1706,8,14100
1707,1,10444
1707,5,14339
1707,9,12923
1707,13,10388
1707,16,10057
1707,20,10812
1707,24,10627
1707,28,11349
1707,35,11714
1708,4,10054
1708,8,11032
1709,1,11707
1709,5,10789
1710,3,13038
1710,7,14347
1710,11,14155
1710,15,11937
1710,18,14216
1710,22,12034
1710,26,13602
1710,30,14496
1710,33,14103
1710,37,13194
1710,41,13166
1710,45,13034
1710,48,14409
1710,52,14431
1710,56,13874
1710,60,14330
1710,66,11614
1710,70,13832
1710,74,12479
1710,78,13976
1711,2,10741
1711,6,11447
1711,10,11106
1712,3,11450
1800,1,10315
1802,2,11058
1802,6,12607
1802,10,13607
1802,14,14263
1803,3,11671
1803,7,14221
1803,11,10467
1803,15,11720
1803,18,11031
1803,22,11326
1803,26,14465
1803,30,11810
1803,33,12010
1804,2,13880
1804,6,11357
1902,2,11333
1902,6,10017
1902,10,10466
1904,2,10647
1904,6,10965
1906,1,13443
1906,5,13209
1907,4,12456
1908,1,13205
1908,5,10413
1908,9,10001
1910,2,10643
1910,6,10032
1911,3,11354
1911,7,10087
1912,1,12364
2000,3,11599
2000,7,13346
2000,11,10007
2002,4,10632
2002,8,10841
2002,12,13961
2002,17,10605
2002,21,14066
2002,25,12394
2002,29,13387
2002,34,10758
2002,38,11674
2002,42,12137
2002,46,10804
2002,51,13007
2002,55,11898
2002,59,12052
2002,63,10991
2002,65,11621
2002,69,14051
2002,73,13278
2002,77,10785
2003,1,14464
2003,5,14166
2003,9,11531
2003,13,10503
2003,16,10067
2100,1,12129
2102,2,11007
2104,1,14327
2105,4,10030
2105,8,12271
2105,12,14224
2105,17,10078
2105,21,11877
2202,3,10944
2202,7,10670
2202,11,11619
2202,15,10655
2202,18,12696
2202,22,11383
2202,26,10891
2202,30,13371
2202,33,13121
2202,37,11701
2202,41,10626
2203,2,10805
2203,6,11942
2203,10,13858
2204,3,11160
2204,7,14189
2204,11,14510
2204,15,13752
2204,18,10879
2204,22,10059
2204,26,11301
2204,30,13928
2204,33,11608
2204,37,13722
2204,41,13267
2204,45,11023
2204,48,11255
2204,52,12224
2204,56,11272
2204,60,11393
2204,66,10402
2204,70,11788
2205,2,11870
2205,6,11606
2205,10,13527
2205,14,13511
2205,19,11375
2205,23,12442
2205,27,11850
2205,31,14445
2205,32,10233
2205,36,13852
2205,40,11115
2206,4,13307
2206,8,11382
2206,12,10339
2206,17,12567
2206,21,11751
2206,25,14163
2206,29,10360
2207,1,10972
2207,5,13535
2207,9,11525
2207,13,12804
2207,16,12941
2207,20,14474
2207,24,10791
2207,28,10524
2207,35,10876
2207,39,10653
2207,43,11236
2208,2,10504
2208,6,12791
2208,10,13292
2208,14,12760
2208,19,10424
2208,23,11200
2208,27,11338
2208,31,12238
2208,32,14117
2208,36,11263
2208,40,14382
2208,44,10454
2208,49,14158
2208,53,12079
2208,57,10502
2208,61,10262
2208,67,10913
2208,71,10558
2208,75,10847
2208,79,14257
2208,82,12899
2208,86,10846
2208,90,10175
2208,94,10573
2208,97,11851
2208,101,12451
2208,105,10590
2208,109,10761
2208,112,13918
2208,116,10651
2209,3,11814
2209,7,12746
2209,11,11223
2209,15,10551
2210,1,11737
2210,5,10723
2210,9,11687
2210,13,11100
2210,16,12139
2210,20,12371
2210,24,13213
2210,28,10635
2210,35,12897
2210,39,10633
2210,43,12086
2210,47,12169
2210,50,12201
2210,54,11664
2210,58,12784
2210,62,12425
2210,64,12106
2210,68,10938
2210,72,13645
2210,76,13644
2211,4,10219
2211,8,10396
2211,12,13862
2211,17,10377
2211,21,10221
2211,25,13619
2211,29,12537
2212,1,11801
2212,5,11284
2212,9,12983
2212,13,13578
2212,16,10969
2212,20,13925
2213,4,12597
2213,8,11941
2213,12,14306
2214,2,12707
2214,6,11659
2214,10,14145
2215,3,12325
2215,7,12306
2215,11,10479
2215,15,13477
2215,18,12239
2215,22,10484
2216,1,12188
2302,3,10895
2303,2,12073
2303,6,13909
2303,10,14039
2303,14,10659
2303,19,13485
2303,23,10669
2303,27,11056
2303,31,13882
2303,32,11259
2304,4,11311
2304,8,13092
2305,1,13148
2305,5,12838
2305,9,12120
2305,13,12247
2305,16,10766
2306,3,11524
2306,7,10029
2306,11,11089
2306,15,13507
2306,18,10266
2306,22,10555
2306,26,10230
2306,30,10119
2307,2,11972
2307,6,11244
2307,10,14324
2307,14,14169
2308,3,13438
2308,7,13082
2308,11,13592
2308,15,13933
2308,18,14372
2308,22,12652
2308,26,12467
2308,30,12883
2308,33,13920
2309,2,12014
2309,6,12819
2309,10,10302
2310,4,12682
2310,8,10564
2311,1,11624
2311,5,14249
2311,9,11781
2312,3,10197
2312,7,11969
2312,11,13375
2312,15,11401
2312,18,14232
2312,22,14069
2403,1,11725
2403,5,12955
2403,9,12477
2403,13,11403
2403,16,11020
2403,20,12387
2403,24,14245
2404,4,12744
2405,1,12833
2405,5,12178
2406,3,11780
2500,1,14128
2502,2,13185
2502,6,12012
2502,10,10610
2504,1,11758
2504,5,11766
2504,9,10607
2504,13,10612
2504,16,11025
2505,4,10321
2505,8,13465
2505,12,11881
2505,17,10474
2505,21,12340
2505,25,12358
2505,29,11162
2505,34,10735
2505,38,12302
2505,42,11646
2505,46,11708
2505,51,11169
2505,55,10903
2505,59,12149
2505,63,11341
2505,65,11442
2505,69,10090
2507,3,11686
2507,7,12084
2507,11,10501
2508,2,10859
2602,3,12069
2604,3,11210
2604,7,10940
2604,11,10229
2604,15,12508
2607,1,10948
2608,4,11777
2608,8,12351
2610,3,10899
2610,7,11205
2610,11,11022
2611,2,13771
2611,6,10410
2612,3,11416
2613,2,13680
2613,6,12135
2613,10,14374
2613,14,10136
2613,19,13030
2702,1,14134
2703,4,11840
2704,1,10035
2705,4,11064
2705,8,10598
2705,12,11638
2705,17,13430
2705,21,10172
2705,25,11930
2705,29,12979
2706,2,10867
2707,3,13846
2707,7,12647
2707,11,13483
2707,15,12298
2707,18,13792
2708,2,12937
2708,6,11322
2708,10,13597
2711,4,11095
2711,8,11467
2712,2,12421
2712,6,12964
2712,10,10329
2712,14,10027
2713,3,11819
2713,7,10043
2713,11,11037
2713,15,12569
2713,18,10227
2713,22,10658
2713,26,13569
2713,30,12951
2713,33,10340
2713,37,10167
2713,41,11135
2714,1,12574
2715,4,11485
2716,1,13738
2716,5,11157
2716,9,10176
2720,4,11215
2720,8,11280
2720,12,10881
2721,1,11834
2721,5,10337
2723,2,10634
2725,2,12107
2725,6,10118
2725,10,12116
2725,14,13201
2725,19,10082
2727,1,10291
2727,5,10516
2728,3,11274
2728,7,11929
2728,11,11735
2728,15,11402
2728,18,11173
2728,22,14286
2729,2,10668
2729,6,12634
2730,4,10158
2730,8,11752
2730,12,10552
2730,17,11469
2730,21,13434
2730,25,11827
2730,29,11503
2730,34,10685
2731,1,10170
2731,5,11826
2731,9,11328
2732,4,11246
2733,1,10984
2734,3,13363
2734,7,11411
2734,11,11369
2734,15,11330
2734,18,11538
2734,22,13779
2735,2,12552
2735,6,14437
2735,10,12068
2735,14,11184
2735,19,10978
2736,3,12023
2736,7,10414
2736,11,13767
2736,15,10252
2736,18,13365
2736,22,12582
2737,2,13044
2737,6,10937
2737,10,10863
2737,14,11314
2737,19,14344
2737,23,12625
2737,27,11238
2738,4,10009
2738,8,10854
2738,12,12626
2739,1,13147
2739,5,10600
2739,9,12587
2739,13,11964
2739,16,10950
2739,20,10582
2739,24,13252
2739,28,14293
2739,35,12811
2739,39,10177
2739,43,13112
2739,47,12715
2739,50,10866
2739,54,13751
2740,4,10990
2740,8,11721
2740,12,13697
2740,17,12418
2740,21,10202
2740,25,10870
2740,29,12845
2740,34,13077
2740,38,11579
2740,42,10124
2740,46,10253
2740,51,11149
2741,1,10372
2741,5,12962
2741,9,12055
2741,13,11438
2741,16,12272
2741,20,13123
2741,24,11910
2741,28,12422
2742,3,14034
2742,7,10771
2743,2,10935
2743,6,10116
2745,1,13328
2745,5,11576
2745,9,12866
2745,13,12747
2745,16,10418
2745,20,13452
2745,24,13313
2746,3,13248
2746,7,12631
2746,11,11618
2746,15,13828
2746,18,11728
2746,22,11586
2746,26,10760
2746,30,11293
2746,33,11669
2746,37,12716
2746,41,12352
2746,45,11030
2746,48,12150
2746,52,10999
2746,56,11625
2746,60,12108
2746,66,10599
2746,70,11700
2746,74,11054
2746,78,10562
2746,83,13323
2746,87,10916
2746,91,13775
2746,95,12342
2746,96,12654
2747,2,10373
2748,3,11167
2802,1,10529
2804,1,11406
2804,5,10949
2804,9,10423
2804,13,10483
2805,4,10429
2805,8,10283
2805,12,10042
2805,17,10427
2805,21,13106
2805,25,11883
2806,2,13258
2807,3,10489
2808,1,11872
2808,5,10614
2808,9,13796
2916,2,10915
2916,6,12638
2916,10,10858
2916,14,11107
2922,1,10186
3003,1,13561
3003,5,10947
3004,4,11465
3004,8,12817
3004,12,12649
3005,1,11943
3103,2,10744
3103,6,13080
3103,10,10787
3103,14,12788
3103,19,10039
3104,1,10099
3104,5,10591
3106,2,10224
3106,6,10921
3106,10,10048
3107,3,10002
3107,7,12612
3107,11,14311
3107,15,10622
3107,18,10049
3107,22,10490
3107,26,11853
3107,30,10022
3107,33,13531
3107,37,11175
3108,2,13414
3108,6,11183
3109,3,11261
3109,7,11206
3109,11,10064
3109,15,11520
3202,3,11994
3202,7,11542
3203,2,14434
3203,6,13944
3203,10,13419
3203,14,10168
3203,19,10762
3203,23,11705
3203,27,12844
3203,31,11761
3203,32,10565
3203,36,10214
3204,3,10826
3204,7,12887
3204,11,13447
3204,15,11820
3204,18,10636
3205,2,11516
3205,6,11373
3205,10,12694
3205,14,12032
3205,19,10316
3205,23,14308
3207,1,10485
3207,5,14220
3207,9,12006
3207,13,14295
3207,16,10525
3207,20,12256
3207,24,13777
3207,28,11295
3207,35,11795
3207,39,12488
3207,43,11400
3207,47,12175
3207,50,10677
3300,4,12913
3300,8,13041
3300,12,14198
3303,2,11168
3303,6,12667
3304,4,13774
3304,8,12217
3304,12,13737
3304,17,13958
3304,21,14153
3304,25,12204
3304,29,14061
3304,34,13709
3304,38,13952
3304,42,12354
3304,46,10267
3304,51,13403
3304,55,13040
3304,59,13978
3304,63,11526
3304,65,13412
3304,69,11806
3304,73,14287
3304,77,11676
3304,80,14471
3304,84,13646
3304,88,12950
3304,92,14274
3304,99,14007
3304,103,13061
3304,107,12021
3304,111,14161
3304,114,13207
3304,118,14207
3304,122,11039
3304,126,12978
3304,131,12556
3304,135,13872
3305,1,11420
3305,5,12853
3305,9,13854
3305,13,13247
3306,3,13635
3306,7,10235
3306,11,10380
3307,2,12481
3308,3,13336
3308,7,14493
3308,11,13170
3308,15,12954
3308,18,12775
3308,22,13842
3308,26,13139
3308,30,14017
3308,33,11876
3308,37,14013
3309,2,12289
3310,4,11640
3311,1,13192
3311,5,13730
3311,9,11556
3311,13,11998
3311,16,11492
3312,4,12432
3312,8,13554
3312,12,14210
3312,17,13136
3312,21,13455
3312,25,12397
3312,29,11895
3312,34,13843
3312,38,12259
3312,42,13969
3312,46,14043
3312,51,12295
3312,55,13659
3312,59,14073
3312,63,12651
3312,65,14342
3312,69,12693
3312,73,14473
3312,77,14352
3312,80,10318
3312,84,13841
3312,88,13617
3312,92,12988
3312,99,11045
3312,103,14288
3312,107,12970
3312,111,13718
3312,114,14000
3312,118,13534
3312,122,13228
3312,126,11838
3312,131,11488
3312,135,14300
3312,139,13550
3312,143,12679
3312,146,12807
3312,150,12109
3312,154,14235
3312,158,13576
3312,161,13055
3312,165,14490
3312,169,13888
3312,173,13687
3312,176,14253
3312,180,13613
3312,184,13728
3312,188,13103
3312,194,10153
3312,198,13582
3312,202,11539
3312,206,12443
3312,211,11147
3312,215,14141
3312,219,12720
3312,223,13747
3312,224,12714
3313,1,13562
3313,5,10298
3313,9,11980
3314,3,13741
3314,7,14395
3314,11,14162
3314,15,10421
3314,18,12872
3314,22,12890
3315,2,13496
3315,6,10907
3315,10,13317
3315,14,13959
3316,3,14489
3316,7,12437
3316,11,13229
3316,15,13753
3316,18,12670
3316,22,14159
3316,26,14233
3316,30,14273
3316,33,12242
3316,37,14251
3317,2,13492
3317,6,10585
3317,10,13053
3317,14,14458
3317,19,12462
3317,23,11648
3317,27,13956
3318,4,10843
3318,8,11863
3318,12,11544
3318,17,11906
3318,21,11548
3319,1,14088
3320,3,13572
3320,7,10777
3320,11,13120
3320,15,13773
3320,18,13556
3320,22,13504
3320,26,12921
3320,30,13721
3320,33,11461
3320,37,14417
3320,41,11300
3320,45,10546
3320,48,13998
3320,52,14338
3320,56,14032
3320,60,12619
3320,66,13710
3320,70,12939
3320,74,13763
3320,78,14219
3320,83,13826
3320,87,13459
3320,91,12248
3320,95,11397
3320,96,13643
3320,100,12902
3320,104,13352
3320,108,13726
3320,113,10718
3320,117,14402
3321,2,10213
3322,4,13819
3322,8,10239
3322,12,14152
3322,17,12273
3402,1,10872
3404,1,12322
3404,5,11899
3404,9,12249
3500,1,12439
3504,2,11363
3505,3,10356
3506,1,13324
3600,2,10629
3600,6,11590
3600,10,10312
3600,14,12681
3600,19,11959
3600,23,13896
3600,27,11610
3600,31,11464
3600,32,12151
3600,36,12741
3600,40,13457
3600,44,12413
3600,49,11084
3604,1,11990
3604,5,10508
3605,4,12871
3605,8,13960
3605,12,14396
3608,1,14514
3609,4,13233
3609,8,11670
3611,3,13289
3612,2,10114
3612,6,13189
3614,1,10809
3616,3,13206
3616,7,14507
1100,1,13508
1100,5,13054
1100,9,13240
1100,13,13010
1100,16,13678
1100,20,13468
1102,2,11226
1102,6,11560
1102,10,10098
1103,3,12365
1103,7,12691
1104,2,13391
1104,6,10450
1105,3,12832
1105,7,12361
1105,11,13899
1105,15,10385
1105,18,12934
1105,22,14160
1105,26,14378
1105,30,12606
1105,33,13168
1106,1,11423
1106,5,13540
1106,9,13857
1106,13,11925
1106,16,11745
1106,20,14127
1106,24,10750
1106,28,13165
1107,4,12630
1108,1,13069
1109,4,11436
1109,8,12134
1109,12,12336
1110,2,12058
1110,6,14009
1110,10,11065
1110,14,12894
1110,19,13246
1110,23,13142
1110,27,13008
1110,31,12795
1110,32,12858
1110,36,12115
1110,40,12732
1110,44,11268
1110,49,12657
1110,53,10014
1110,57,14365
1110,61,11247
1110,67,12813
1110,71,11098
1110,75,13218
1110,79,12991
1110,82,13214
1110,86,12253
1110,90,10774
1111,3,11404
1111,7,11886
1111,11,13740
1200,2,13743
1202,1,14518
1202,5,13333
1202,9,12585
1202,13,13575
1202,16,13750
1202,20,12868
1202,24,13708
1202,28,12778
1202,35,13484
1202,39,14109
1202,43,13231
1203,4,12768
1203,8,14081
1203,12,14006
1203,17,14170
1204,1,11212
1204,5,12307
1204,9,13599
1204,13,13339
1204,16,12624
1204,20,11846
1205,4,13195
1206,2,14191
1206,6,13520
1207,3,13516
1207,7,14442
1207,11,13757
1207,15,13558
1207,18,12648
1208,1,12912
1208,5,12457
1208,9,10011
1208,13,12542
1208,16,14217
1208,20,12977
1208,24,13427
1208,28,14305
1208,35,14001
1208,39,12398
1208,43,13666
1208,47,12586
1208,50,13245
1209,4,13922
1209,8,14380
1210,2,13330
1211,3,12440
1211,7,13301
1211,11,11477
1211,15,14148
1211,18,12507
1211,22,13153
1211,26,13225
1211,30,13462
1211,33,14059
1211,37,14024
1211,41,12949
1211,45,13887
1211,48,13150
1212,2,10362
1212,6,13818
1212,10,13815
1212,14,14321
1213,3,12179
1213,7,13413
1213,11,13860
1213,15,13334
1303,1,12770
1303,5,11481
1304,3,11324
1305,2,14150
1305,6,12673
1306,4,13943
1306,8,10631
1306,12,10515
1307,1,12712
1307,5,12533
1307,9,10617
1307,13,10492
1307,16,12065
1308,4,12975
1309,1,11665
1310,3,11916
1310,7,10943
1311,2,11412
1311,6,10613
1311,10,11374
1311,14,11468
1311,19,11679
1311,23,10751
1311,27,11213
1311,31,10756
1311,32,11772
1311,36,12749
1311,40,12929
1312,1,13526
1312,5,10593
1312,9,13188
1312,13,13454
1312,16,13221
1312,20,11710
1312,24,13937
1312,28,11289
1312,35,12029
1312,39,10773
1312,43,10497
1312,47,12009
1312,50,10407
1312,54,10932
1312,58,13736
1312,62,11889
1312,64,10422
1312,68,10123
1312,72,11075
1312,76,10441
1312,81,10169
1312,85,12566
1312,89,12827
1312,93,11924
1312,98,13157
1312,102,12104
1312,106,11663
1312,110,10604
1312,115,10015
1312,119,12187
1312,123,13047
1312,127,10621
1312,130,11818
1312,134,11041
1314,2,13415
1402,3,11653
1402,7,11508
1402,11,14239
1402,15,12544
1402,18,14180
1402,22,11903
1403,2,12786
1404,3,10797
1404,7,13794
1404,11,11912
1404,15,14121
1405,2,12594
1405,6,13963
1405,10,13529
1405,14,12945
1406,4,10880
1406,8,11769
1406,12,14055
1407,1,13226
1407,5,13149
1407,9,13163
1407,13,14450
1407,16,11843
1407,20,11502
1407,24,10344
1407,28,11726
1408,4,14362
1408,8,12738
1408,12,12933
1408,17,12040
1408,21,13439
1408,25,13901
1408,29,12905
1408,34,12751
1408,38,13191
1408,42,12675
1409,1,12584
1502,1,11472
1503,4,11825
1507,1,10117
1602,4,13128
1603,1,11434
1604,4,12136
1604,8,11747
1604,12,10353
1605,1,12570
1605,5,12653
1605,9,12251
1605,13,14297
1605,16,12526
1605,20,12458
1605,24,13105
1605,28,10871
1605,35,12270
1605,39,11549
1605,43,13013
1605,47,13208
1605,50,10721
1605,54,13160
1605,58,10548
1606,3,13253
1606,7,10798
1607,2,12195
1607,6,10532
1607,10,12967
1702,3,10237
1702,7,12805
1702,11,12260
1702,15,12262
1702,18,10639
1702,22,13851
1702,26,12131
1702,30,13674
1702,33,13514
1702,37,12814
1702,41,14413
1702,45,11010
1702,48,12157
1702,52,11901
1702,56,14381
1702,60,12611
1702,66,14335
1702,70,10201
1702,74,11269
1703,2,11567
1703,6,12809
1703,10,10142
1703,14,10545
1703,19,10848
1703,23,12162
1704,4,10996
1705,1,10246
1705,5,10579
1705,9,10317
1705,13,13745
1705,16,10772
1705,20,11187
1705,24,10273
1705,28,12203
1705,35,10742
1705,39,11504
1705,43,10080
1706,3,14114
1706,7,14246
1707,2,10888
1707,6,11439
1707,10,10036
1707,14,13579
1707,19,10601
1707,23,11019
1707,27,10799
1707,31,10824
1707,32,11105
1708,3,14098
1708,7,10904
1709,2,11398
1709,6,10470
1710,4,11693
1710,8,10270
1710,12,12519
1710,17,14071
1710,21,14498
1710,25,10260
1710,29,13673
1710,34,14403
1710,38,13867
1710,42,14345
1710,46,14516
1710,51,13016
1710,55,13608
1710,59,11370
1710,63,10679
1710,65,12943
1710,69,13482
1710,73,11800
1710,77,13873
1711,1,11034
1711,5,10828
1711,9,10860
1712,4,13681
1800,2,14346
1802,1,13405
1802,5,13611
1802,9,14211
1802,13,14185
1803,4,11719
1803,8,11798
1803,12,11182
1803,17,10050
1803,21,11195
1803,25,12926
1803,29,10395
1803,34,11918
1804,1,10102
1804,5,10206
1804,9,10928
1902,1,13890
1902,5,11594
1902,9,10644
1902,13,11483
1904,1,12383
1904,5,12083
1906,2,12218
1906,6,10398
1907,3,13193
1908,2,13404
1908,6,10271
1908,10,12821
1910,1,11061
1910,5,10765
1910,9,14047
1911,4,10955
2000,4,13499
2000,8,13475
2000,12,11823
2002,3,13588
2002,7,13472
2002,11,14231
2002,15,12641
2002,18,13411
2002,22,14113
2002,26,10471
2002,30,14424
2002,33,13894
2002,37,11792
2002,41,12851
2002,45,14325
2002,48,14294
2002,52,14230
2002,56,14501
2002,60,10208
2002,66,12446
2002,70,13227
2002,74,13713
2002,78,14370
2003,2,11976
2003,6,11496
2003,10,14154
2003,14,10282
2102,1,14444
2105,3,13975
2105,7,11954
2105,11,12639
2105,15,10476
2105,18,10468
2105,22,12008
2202,4,12081
2202,8,10069
2202,12,13200
2202,17,13638
2202,21,12389
2202,25,11096
2202,29,11082
2202,34,12019
2202,38,14214
2202,42,11133
2203,1,10783
2203,5,12095
2203,9,10808
2204,4,12015
2204,8,11984
2204,12,11073
2204,17,11366
2204,21,10864
2204,25,11208
2204,29,10868
2204,34,11407
2204,38,10958
2204,42,13280
2204,46,12405
2204,51,13052
2204,55,14089
2204,59,10412
2204,63,10295
2204,65,12074
2204,69,10171
2205,1,11978
2205,5,11807
2205,9,11220
2205,13,10687
2205,16,13236
2205,20,10716
2205,24,13601
2205,28,12022
2205,35,14156
2205,39,10690
2206,3,14262
2206,7,12141
2206,11,10732
2206,15,13116
2206,18,12304
2206,22,13965
2206,26,11694
2206,30,11254
2207,2,12206
2207,6,13344
2207,10,11615
2207,14,11602
2207,19,14420
2207,23,10220
2207,27,12772
2207,31,12888
2207,32,10046
2207,36,11920
2207,40,10917
2207,44,12000
2208,1,10460
2208,5,10472
2208,9,10603
2208,13,13440
2208,16,10278
2208,20,11052
2208,24,12776
2208,28,12495
2208,35,10205
2208,39,10409
2208,43,14276
2208,47,11458
2208,50,10281
2208,54,10363
2208,58,10369
2208,62,10767
2208,64,10936
2208,68,12309
2208,72,13251
2208,76,10232
2208,81,10045
2208,85,11417
2208,89,10623
2208,93,12146
2208,98,11248
2208,102,11127
2208,106,11527
2208,110,10740
2208,115,10326
2209,4,11741
2209,8,10763
2209,12,12176
2209,17,10567
2210,2,10705
2210,6,12581
2210,10,10967
2210,14,10672
2210,19,11062
2210,23,13827
2210,27,10386
2210,31,12898
2210,32,12774
2210,36,12729
2210,40,11362
2210,44,12907
2210,49,12080
2210,53,13140
2210,57,13715
2210,61,13298
2210,67,13045
2210,71,11126
2210,75,11230
2210,79,10834
2211,3,10399
2211,7,10806
2211,11,14479
2211,15,13891
2211,18,13261
2211,22,11558
2211,26,13772
2212,2,13050
2212,6,12071
2212,10,11604
2212,14,11622
2212,19,14164
2212,23,11250
2213,3,11046
2213,7,14091
2213,11,13295
2214,1,13114
2214,5,13905
2214,9,11479
2215,4,12698
2215,8,13689
2215,12,11847
2215,17,12105
2215,21,11672
2216,2,13682
2303,1,14468
2303,5,11691
2303,9,12644
2303,13,10815
2303,16,12640
2303,20,12703
2303,24,14472
2303,28,12180
2304,3,10710
2304,7,12896
2304,11,13180
2305,2,11302
2305,6,10894
2305,10,11164
2305,14,13517
2305,19,11371
2306,4,13530
2306,8,11753
2306,12,12615
2306,17,10930
2306,21,13318
2306,25,13997
2306,29,12213
2307,1,10447
2307,5,10190
2307,9,11002
2307,13,13563
2307,16,10819
2308,4,13967
2308,8,13557
2308,12,14452
2308,17,13244
2308,21,10535
2308,25,13756
2308,29,12227
2308,34,13801
2309,1,10005
2309,5,11387
2309,9,12965
2310,3,10139
2310,7,10324
2310,11,14120
2311,2,12017
2311,6,12186
2312,4,11634
2312,8,14157
2312,12,13663
2312,17,13804
2312,21,14323
2403,2,12159
2403,6,11510
2403,10,10371
2403,14,11313
2403,19,10993
2403,23,11597
2404,3,10873
2405,2,11086
2405,6,10296
2500,2,13917
2502,1,11852
2502,5,11966
2502,9,10530
2502,13,11419
2504,2,11224
2504,6,10306
2504,10,11222
2504,14,10886
2505,3,11240
2505,7,10192
2505,11,10310
2505,15,10478
2505,18,12427
2505,22,11907
2505,26,11279
2505,30,13039
2505,33,12938
2505,37,13104
2505,41,12875
2505,45,11087
2505,48,12420
2505,52,12613
2505,56,11471
2505,60,11342
2505,66,10275
2506,1,10736
2507,4,11360
2507,8,10389
2507,12,11595
2508,1,11723
2602,4,11166
2604,4,10194
2604,8,11012
2604,12,11191
2604,17,13487
2605,1,12303
2607,2,14082
2608,3,10287
2608,7,12417
2608,11,10304
2610,4,10896
2610,8,13234
2610,12,11545
2611,1,10288
2611,5,14079
2612,4,12727
2613,1,12056
2613,5,13546
2613,9,10243
2613,13,11716
2613,16,13720
2613,20,11235
2703,3,10830
2704,2,10693
2705,3,11021
2705,7,11083
2705,11,11922
2705,15,10198
2705,18,10292
2705,22,10217
2705,26,13522
2706,1,11116
2706,5,11861
2707,4,13090
2707,8,13776
2707,12,13919
2707,17,12750
2708,1,10837
2708,5,12796
2708,9,12433
2708,13,12731
2711,3,13374
2711,7,12174
2711,11,11635
2712,1,11140
2712,5,13966
2712,9,11146
2712,13,11839
2712,16,13453
2713,4,11290
2713,8,11422
2713,12,11253
2713,17,11306
2713,21,12935
2713,25,11251
2713,29,11724
2713,34,10625
2713,38,11551
2713,42,10587
2714,2,11620
2715,3,11378
2716,2,12199
2716,6,10129
2717,3,11051
2718,1,11636
2720,3,11660
2720,7,12548
2720,11,11534
2721,2,10151
2721,6,10966
2723,1,10877
2725,1,12463
2725,5,10041
2725,9,11581
2725,13,11000
2725,16,11702
2725,20,10038
2727,2,10408
2727,6,11029
2728,4,13648
2728,8,12301
2728,12,13735
2728,17,12226
2728,21,10085
2729,1,11589
2729,5,10453
2730,3,12758
2730,7,10178
2730,11,10556
2730,15,12103
2730,18,12172
2730,22,10231
2730,26,11532
2730,30,12334
2730,33,12278
2731,2,11291
2731,6,11194
2731,10,12599
2732,3,12269
2732,7,10157
2733,2,10861
2734,4,10137
2734,8,10185
2734,12,14415
2734,17,12193
2734,21,11057
2735,1,12235
2735,5,11633
2735,9,11732
2735,13,11060
2735,16,11141
2735,20,12229
2736,4,13023
2736,8,10084
2736,12,11085
2736,17,12539
2736,21,13335
2737,1,10051
2737,5,11457
2737,9,11521
2737,13,12745
2737,16,10196
2737,20,12005
2737,24,13417
2737,28,10234
2738,3,11097
2738,7,11999
2738,11,13393
2738,15,12464
2739,2,12168
2739,6,12664
2739,10,13048
2739,14,12492
2739,19,13953
2739,23,14512
2739,27,10823
2739,31,11731
2739,32,10010
2739,36,13945
2739,40,10091
2739,44,12208
2739,49,13544
2739,53,10254
2740,3,10543
2740,7,11487
2740,11,11260
2740,15,10618
2740,18,11967
2740,22,10728
2740,26,13176
2740,30,11600
2740,33,11297
2740,37,11176
2740,41,10606
2740,45,10449
2740,48,12818
2740,52,11554
2741,2,10727
2741,6,11359
2741,10,11885
2741,14,11395
2741,19,11894
2741,23,10378
2741,27,12296
2742,4,10510
2743,1,13656
2743,5,11156
2745,2,10975
2745,6,12438
2745,10,12604
2745,14,13962
2745,19,10200
2745,23,10308
2746,4,11865
2746,8,11258
2746,12,10394
2746,17,12769
2746,21,12426
2746,25,11892
2746,29,12518
2746,34,12020
2746,38,12089
2746,42,10961
2746,46,11509
2746,51,13314
2746,55,10926
2746,59,11951
2746,63,12453
2746,65,12930
2746,69,12154
2746,73,12460
2746,77,11080
2746,80,14486
2746,84,10776
2746,88,12906
2746,92,12264
2747,1,12900
2748,4,10279
2804,2,13446
2804,6,10077
2804,10,13991
2805,3,12621
2805,7,11953
2805,11,10788
2805,15,10448
2805,18,12650
2805,22,13219
2805,26,10985
2806,1,10608
2808,2,10542
2808,6,12854
2808,10,11266
2809,3,10971
2911,1,12244
2916,1,11294
2916,5,12314
2916,9,10596
2916,13,10387
2916,16,13004
3003,2,10256
3004,3,11649
3004,7,14360
3004,11,13095
3004,15,12347
3005,2,10800
3103,1,13175
3103,5,10406
3103,9,11323
3103,13,12450
3103,16,12717
3103,20,11803
3104,2,10037
3104,6,11682
3106,1,11044
3106,5,10384
3106,9,11090
3106,13,10093
3107,4,10923
3107,8,12220
3107,12,11603
3107,17,14363
3107,21,10988
3107,25,11050
3107,29,11177
3107,34,10382
3108,1,11949
3108,5,11733
3109,4,11575
3109,8,11415
3109,12,12261
3202,4,12848
3203,1,11678
3203,5,13262
3203,9,10426
3203,13,12335
3203,16,11632
3203,20,10708
3203,24,11040
3203,28,11132
3203,35,10376
3204,4,13600
3204,8,10103
3204,12,14485
3204,17,14301
3205,1,12051
3205,5,10258
3205,9,11118
3205,13,11148
3205,16,11592
3205,20,10403
3205,24,11079
3207,2,12496
3207,6,11433
3207,10,10699
3207,14,14056
3207,19,13585
3207,23,10156
3207,27,12313
3207,31,11541
3207,32,13542
3207,36,13060
3207,40,12551
3207,44,10709
3207,49,11768
3300,3,14371
3300,7,13671
3300,11,14375
3300,15,14107
3303,1,14418
3303,5,12636
3304,3,12531
3304,7,13502
3304,11,13117
3304,15,12880
3304,18,12966
3304,22,14075
3304,26,13903
3304,30,12928
3304,33,10457
3304,37,14227
3304,41,12070
3304,45,13929
3304,48,10959
3304,52,14480
3304,56,14290
3304,60,14122
3304,66,12060
3304,70,14421
3304,74,12591
3304,78,13161
3304,83,12998
3304,87,13395
3304,91,13662
3304,95,10130
3304,96,13594
3304,100,13349
3304,104,13844
3304,108,13056
3304,113,13425
3304,117,12590
3304,121,10008
3304,125,13351
3304,128,10162
3304,132,13658
3304,136,13532
3305,2,13755
3305,6,12343
3305,10,13977
3305,14,14052
3306,4,13974
3306,8,12027
3306,12,14168
3307,1,14309
3308,4,12148
3308,8,12374
3308,12,13573
3308,17,14012
3308,21,12755
3308,25,13583
3308,29,13364
3308,34,14234
3308,38,14196
3309,1,10712
3310,3,13152
3311,2,11380
3311,6,14248
3311,10,13906
3311,14,14236
3311,19,10646
3312,3,13764
3312,7,13109
3312,11,13078
3312,15,13581
3312,18,13560
3312,22,13783
3312,26,13698
3312,30,11256
3312,33,14422
3312,37,12284
3312,41,12700
3312,45,13073
3312,48,11252
3312,52,13306
3312,56,13787
3312,60,12903
3312,66,13035
3312,70,13032
3312,74,14348
3312,78,14383
3312,83,10355
3312,87,10446
3312,91,13059
3312,95,14167
3312,96,11712
3312,100,14337
3312,104,11203
3312,108,12263
3312,113,13634
3312,117,14062
3312,121,13098
3312,125,13824
3312,128,11944
3312,132,13537
3312,136,14005
3312,140,12948
3312,145,14202
3312,149,13982
3312,153,11507
3312,157,13456
3312,162,11695
3312,166,13132
3312,170,12892
3312,174,14389
3312,179,12573
3312,183,13610
3312,187,14142
3312,191,13212
3312,193,13416
3312,197,13296
3312,201,12635
3312,205,10994
3312,208,13994
3312,212,10259
3312,216,10927
3312,220,13881
3313,2,14250
3313,6,12985
3314,4,10149
3314,8,12498
3314,12,13665
3314,17,13864
3314,21,13019
3314,25,12144
3315,1,12478
3315,5,13795
3315,9,12942
3315,13,13321
3315,16,13716
3316,4,12901
3316,8,13222
3316,12,14190
3316,17,12090
3316,21,14298
3316,25,10738
3316,29,14004
3316,34,13595
3316,38,13266
3317,1,14466
3317,5,14070
3317,9,11631
3317,13,12783
3317,16,14119
3317,20,13460
3317,24,14241
3318,3,14439
3318,7,11047
3318,11,12728
3318,15,11432
3318,18,12275
3319,2,13488
3320,4,13754
3320,8,13653
3320,12,12332
3320,17,14282
3320,21,13897
3320,25,14336
3320,29,10953
3320,34,11070
3320,38,14200
3320,42,12221
3320,46,13210
3320,51,13655
3320,55,14487
3320,59,12572
3320,63,10053
3320,65,14429
3320,69,14003
3320,73,14291
3320,77,13196
3320,80,12645
3320,84,13476
3320,88,13684
3320,92,14181
3320,99,12687
3320,103,13379
3320,107,12156
3320,111,12752
3320,114,11783
3320,118,13000
3321,1,11028
3322,3,12147
3322,7,13699
3322,11,12995
3322,15,11858
3322,18,12502
3404,2,12281
3404,6,11580
3404,10,11905
3504,1,11787
3504,5,10536
3506,2,10368
3600,1,10327
3600,5,14118
3600,9,12196
3600,13,11722
3600,16,13423
3600,20,12480
3600,24,14186
3600,28,10737
3600,35,11497
3600,39,14090
3600,43,12041
3600,47,10827
3600,50,13805
3604,2,11430
3604,6,10641
3605,3,10350
3605,7,11555
3605,11,14093
3609,3,13315
3609,7,12869
3611,4,13768
3612,1,11718
3612,5,13224
3614,2,12860
3616,4,13071
3616,8,13036
