subfield_id,sibling_subfield_seq,sibling_subfield_id
1100,3,1104
1100,7,1108
1102,4,1106
1102,8,1109
1103,1,1102
1103,5,1107
1103,9,1110
1104,4,1106
1104,8,1109
1105,1,1102
1105,5,1107
1105,9,1110
1106,3,1104
1106,7,1108
1107,2,1103
1107,6,1100
1107,10,1111
1108,3,1104
1108,7,1100
1109,2,1103
1109,6,1107
1109,10,1111
1110,4,1105
1110,8,1108
1111,1,1102
1111,5,1106
1111,9,1109
1200,4,1202
1200,8,1209
1200,12,1213
1202,3,1206
1202,7,1208
1202,11,1212
1203,2,1205
1203,6,1207
1203,10,1211
1204,3,1200
1204,7,1208
1204,11,1212
1205,2,1206
1205,6,1203
1205,10,1211
1206,4,1202
1206,8,1209
1206,12,1213
1207,1,1204
1207,5,1202
1207,9,1210
1208,3,1206
1208,7,1203
1208,11,1212
1209,2,1205
1209,6,1207
1209,10,1211
1210,4,1200
1210,8,1208
1210,12,1213
1211,1,1204
1211,5,1202
1211,9,1209
1212,4,1200
1212,8,1208
1212,12,1213
1213,1,1204
1213,5,1202
1213,9,1209
1302,2,1304
1302,6,1308
1302,10,1312
1303,3,1305
1303,7,1309
1303,11,1313
1304,1,1302
1304,5,1307
1304,9,1311
1304,13,1315
1305,4,1306
1305,8,1310
1305,12,1314
1306,2,1303
1306,6,1308
1306,10,1312
1307,3,1304
1307,7,1309
1307,11,1313
1308,2,1303
1308,6,1307
1308,10,1312
1309,3,1304
1309,7,1308
1309,11,1313
1310,1,1302
1310,5,1306
1310,9,1311
1310,13,1315
1311,4,1305
1311,8,1309
1311,12,1314
1312,3,1304
1312,7,1308
1312,11,1313
1313,2,1303
1313,6,1307
1313,10,1311
1314,4,1305
1314,8,1309
1314,12,1313
1315,1,1302
1315,5,1306
1315,9,1310
1315,13,1314
1402,1,1403
1402,5,1406
1403,4,1405
1403,8,1409
1404,1,1402
1404,5,1406
1405,4,1404
1405,8,1409
1406,2,1403
1406,6,1407
1407,3,1410
1407,7,1408
1408,2,1403
1408,6,1406
1409,3,1410
1409,7,1407
1410,1,1402
1410,5,1406
1502,3,1506
1503,2,1504
1504,1,1502
1504,5,1508
1506,2,1503
1507,3,1504
1508,2,1503
1602,2,1604
1603,3,1605
1604,2,1603
1605,3,1604
1606,1,1602
1606,5,1607
1607,4,1605
1702,1,1703
1702,5,1707
1702,9,1711
1703,4,1706
1703,8,1710
1704,2,1703
1704,6,1708
1704,10,1712
1705,3,1704
1705,7,1709
1706,1,1702
1706,5,1707
1706,9,1711
1707,4,1705
1707,8,1710
1708,1,1702
1708,5,1706
1708,9,1711
1709,4,1705
1709,8,1710
1710,2,1703
1710,6,1707
1710,10,1712
1711,3,1704
1711,7,1708
1712,2,1703
1712,6,1707
1712,10,1711
1802,3,1804
1803,2,1802
1804,3,1803
1902,3,1907
1902,7,1912
1904,3,1907
1904,7,1912
1906,4,1908
1907,1,1902
1907,5,1910
1908,4,1907
1910,3,1906
1910,7,1912
1911,2,1904
1911,6,1910
1912,4,1907
2000,2,2003
2002,1,2003
2100,4,2105
2102,3,2104
2103,2,2100
2104,4,2105
2105,1,2102
2200,1,2202
2200,5,2215
2200,9,2208
2200,13,2214
2202,2,2203
2202,6,2206
2202,10,2209
2202,14,2212
2203,3,2204
2203,7,2207
2203,11,2210
2203,15,2213
2204,2,2216
2204,6,2206
2204,10,2209
2204,14,2212
2205,3,2203
2205,7,2207
2205,11,2210
2205,15,2213
2206,1,2202
2206,5,2215
2206,9,2200
2206,13,2214
2207,4,2204
2207,8,2208
2207,12,2211
2208,3,2203
2208,7,2206
2208,11,2210
2208,15,2213
2209,2,2216
2209,6,2205
2209,10,2200
2209,14,2212
2210,4,2204
2210,8,2207
2210,12,2211
2211,1,2202
2211,5,2215
2211,9,2208
2211,13,2214
2212,4,2204
2212,8,2207
2212,12,2210
2213,1,2202
2213,5,2215
2213,9,2208
2213,13,2211
2214,3,2203
2214,7,2206
2214,11,2209
2214,15,2213
2215,2,2216
2215,6,2206
2215,10,2209
2215,14,2212
2216,4,2215
2216,8,2208
2216,12,2211
2302,2,2304
2302,6,2311
2302,10,2312
2303,3,2305
2303,7,2308
2304,1,2302
2304,5,2307
2304,9,2310
2305,4,2306
2305,8,2309
2306,2,2303
2306,6,2311
2306,10,2312
2307,3,2304
2307,7,2308
2308,2,2303
2308,6,2307
2308,10,2312
2309,3,2304
2309,7,2311
2310,1,2302
2310,5,2306
2310,9,2309
2311,4,2305
2311,8,2309
2312,2,2303
2312,6,2307
2312,10,2310
2402,1,2403
2403,4,2406
2404,1,2402
2405,4,2406
2406,2,2403
2500,4,2505
2502,3,2500
2502,7,2508
2503,2,2504
2503,6,2507
2504,4,2505
2505,1,2502
2505,5,2506
2506,3,2504
2506,7,2508
2507,2,2503
2507,6,2506
2508,3,2504
2508,7,2507
2602,2,2605
2602,6,2611
2604,2,2605
2604,6,2611
2605,3,2607
2605,7,2612
2607,4,2608
2607,8,2613
2608,1,2602
2608,5,2610
2608,9,2614
2610,2,2604
2610,6,2611
2611,3,2605
2611,7,2612
2612,2,2604
2612,6,2610
2613,3,2605
2613,7,2611
2614,1,2602
2614,5,2608
2614,9,2613
2702,4,2707
2702,8,2712
2702,12,2716
2702,17,2723
2702,21,2727
2702,25,2731
2702,29,2735
2702,34,2740
2702,38,2745
2703,1,2702
2703,5,2706
2703,9,2713
2703,13,2717
2703,16,2721
2703,20,2726
2703,24,2730
2703,28,2734
2703,35,2741
2703,39,2746
2704,4,2707
2704,8,2712
2704,12,2716
2704,17,2723
2704,21,2727
2704,25,2731
2704,29,2735
2704,34,2740
2704,38,2745
2705,1,2702
2705,5,2706
2705,9,2713
2705,13,2717
2705,16,2721
2705,20,2726
2705,24,2730
2705,28,2734
2705,35,2741
2705,39,2746
2706,3,2704
2706,7,2711
2706,11,2715
2706,15,2720
2706,18,2725
2706,22,2728
2706,26,2732
2706,30,2736
2706,33,2739
2706,37,2743
2706,41,2748
2707,2,2703
2707,6,2708
2707,10,2714
2707,14,2718
2707,19,2724
2707,23,2729
2707,27,2733
2707,31,2737
2707,32,2738
2707,36,2742
2707,40,2747
2708,3,2704
2708,7,2711
2708,11,2715
2708,15,2720
2708,18,2725
2708,22,2728
2708,26,2732
2708,30,2736
2708,33,2739
2708,37,2743
2708,41,2748
2711,1,2702
2711,5,2707
2711,9,2713
2711,13,2717
2711,16,2721
2711,20,2726
2711,24,2730
2711,28,2734
2711,35,2741
2711,39,2746
2712,3,2704
2712,7,2708
2712,11,2715
2712,15,2720
2712,18,2725
2712,22,2728
2712,26,2732
2712,30,2736
2712,33,2739
2712,37,2743
2712,41,2748
2713,2,2703
2713,6,2706
2713,10,2714
2713,14,2718
2713,19,2724
2713,23,2729
2713,27,2733
2713,31,2737
2713,32,2738
2713,36,2742
2713,40,2747
2714,4,2705
2714,8,2711
2714,12,2716
2714,17,2723
2714,21,2727
2714,25,2731
2714,29,2735
2714,34,2740
2714,38,2745
2715,1,2702
2715,5,2707
2715,9,2712
2715,13,2717
2715,16,2721
2715,20,2726
2715,24,2730
2715,28,2734
2715,35,2741
2715,39,2746
2716,4,2705
2716,8,2711
2716,12,2715
2716,17,2723
2716,21,2727
2716,25,2731
2716,29,2735
2716,34,2740
2716,38,2745
2717,1,2702
2717,5,2707
2717,9,2712
2717,13,2716
2717,16,2721
2717,20,2726
2717,24,2730
2717,28,2734
2717,35,2741
2717,39,2746
2718,3,2704
2718,7,2708
2718,11,2714
2718,15,2720
2718,18,2725
2718,22,2728
2718,26,2732
2718,30,2736
2718,33,2739
2718,37,2743
2718,41,2748
2720,1,2702
2720,5,2707
2720,9,2712
2720,13,2716
2720,16,2721
2720,20,2726
2720,24,2730
2720,28,2734
2720,35,2741
2720,39,2746
2721,4,2705
2721,8,2711
2721,12,2715
2721,17,2723
2721,21,2727
2721,25,2731
2721,29,2735
2721,34,2740
2721,38,2745
2723,3,2704
2723,7,2708
2723,11,2714
2723,15,2718
2723,18,2725
2723,22,2728
2723,26,2732
2723,30,2736
2723,33,2739
2723,37,2743
2723,41,2748
2724,2,2703
2724,6,2706
2724,10,2713
2724,14,2717
2724,19,2725
2724,23,2729
2724,27,2733
2724,31,2737
2724,32,2738
2724,36,2742
2724,40,2747
2725,3,2704
2725,7,2708
2725,11,2714
2725,15,2718
2725,18,2723
2725,22,2728
2725,26,2732
2725,30,2736
2725,33,2739
2725,37,2743
2725,41,2748
2726,1,2702
2726,5,2707
2726,9,2712
2726,13,2716
2726,16,2720
2726,20,2724
2726,24,2730
2726,28,2734
2726,35,2741
2726,39,2746
2727,4,2705
2727,8,2711
2727,12,2715
2727,17,2721
2727,21,2726
2727,25,2731
2727,29,2735
2727,34,2740
2727,38,2745
2728,2,2703
2728,6,2706
2728,10,2713
2728,14,2717
2728,19,2725
2728,23,2729
2728,27,2733
2728,31,2737
2728,32,2738
2728,36,2742
2728,40,2747
2729,3,2704
2729,7,2708
2729,11,2714
2729,15,2718
2729,18,2723
2729,22,2727
2729,26,2732
2729,30,2736
2729,33,2739
2729,37,2743
2729,41,2748
2730,1,2702
2730,5,2707
2730,9,2712
2730,13,2716
2730,16,2720
2730,20,2724
2730,24,2729
2730,28,2734
2730,35,2741
2730,39,2746
2731,4,2705
2731,8,2711
2731,12,2715
2731,17,2721
2731,21,2726
2731,25,2730
2731,29,2735
2731,34,2740
2731,38,2745
2732,1,2702
2732,5,2707
2732,9,2712
2732,13,2716
2732,16,2720
2732,20,2724
2732,24,2729
2732,28,2734
2732,35,2741
2732,39,2746
2733,4,2705
2733,8,2711
2733,12,2715
2733,17,2721
2733,21,2726
2733,25,2730
2733,29,2735
2733,34,2740
2733,38,2745
2734,2,2703
2734,6,2706
2734,10,2713
2734,14,2717
2734,19,2725
2734,23,2728
2734,27,2732
2734,31,2737
2734,32,2738
2734,36,2742
2734,40,2747
2735,3,2704
2735,7,2708
2735,11,2714
2735,15,2718
2735,18,2723
2735,22,2727
2735,26,2731
2735,30,2736
2735,33,2739
2735,37,2743
2735,41,2748
2736,2,2703
2736,6,2706
2736,10,2713
2736,14,2717
2736,19,2725
2736,23,2728
2736,27,2732
2736,31,2737
2736,32,2738
2736,36,2742
2736,40,2747
2737,3,2704
2737,7,2708
2737,11,2714
2737,15,2718
2737,18,2723
2737,22,2727
2737,26,2731
2737,30,2735
2737,33,2739
2737,37,2743
2737,41,2748
2738,1,2702
2738,5,2707
2738,9,2712
2738,13,2716
2738,16,2720
2738,20,2724
2738,24,2729
2738,28,2733
2738,35,2741
2738,39,2746
2739,4,2705
2739,8,2711
2739,12,2715
2739,17,2721
2739,21,2726
2739,25,2730
2739,29,2734
2739,34,2740
2739,38,2745
2740,1,2702
2740,5,2707
2740,9,2712
2740,13,2716
2740,16,2720
2740,20,2724
2740,24,2729
2740,28,2733
2740,35,2741
2740,39,2746
2741,4,2705
2741,8,2711
2741,12,2715
2741,17,2721
2741,21,2726
2741,25,2730
2741,29,2734
2741,34,2739
2741,38,2745
2742,2,2703
2742,6,2706
2742,10,2713
2742,14,2717
2742,19,2725
2742,23,2728
2742,27,2732
2742,31,2736
2742,32,2737
2742,36,2741
2742,40,2747
2743,3,2704
2743,7,2708
2743,11,2714
2743,15,2718
2743,18,2723
2743,22,2727
2743,26,2731
2743,30,2735
2743,33,2738
2743,37,2742
2743,41,2748
2745,4,2705
2745,8,2711
2745,12,2715
2745,17,2721
2745,21,2726
2745,25,2730
2745,29,2734
2745,34,2739
2745,38,2743
2746,2,2703
2746,6,2706
2746,10,2713
2746,14,2717
2746,19,2725
2746,23,2728
2746,27,2732
2746,31,2736
2746,32,2737
2746,36,2741
2746,40,2747
2747,3,2704
2747,7,2708
2747,11,2714
2747,15,2718
2747,18,2723
2747,22,2727
2747,26,2731
2747,30,2735
2747,33,2738
2747,37,2742
2747,41,2748
2748,2,2703
2748,6,2706
2748,10,2713
2748,14,2717
2748,19,2725
2748,23,2728
2748,27,2732
2748,31,2736
2748,32,2737
2748,36,2741
2748,40,2746
2802,4,2806
2803,1,2802
2803,5,2807
2804,4,2806
2805,1,2802
2805,5,2807
2806,3,2804
2806,7,2809
2807,2,2803
2807,6,2808
2808,4,2805
2809,1,2802
2809,5,2806
2910,2,2916
2911,3,2922
2916,3,2922
3002,1,3003
3004,1,3002
3102,2,3107
3102,6,3108
3103,3,3104
3103,7,3109
3104,4,3105
3105,1,3102
3105,5,3106
3106,3,3107
3106,7,3109
3107,2,3103
3107,6,3108
3108,3,3107
3108,7,3109
3109,2,3103
3109,6,3106
3200,1,3202
3200,5,3206
3202,2,3204
3202,6,3207
3203,3,3205
3204,2,3203
3204,6,3207
3205,3,3204
3206,1,3202
3206,5,3200
3207,4,3205
3300,1,3314
3300,5,3317
3300,9,3305
3300,13,3309
3300,16,3320
3300,20,3313
3302,2,3315
3302,6,3304
3302,10,3306
3302,14,3319
3302,19,3312
3303,3,3315
3303,7,3318
3303,11,3307
3303,15,3310
3303,18,3311
3304,1,3314
3304,5,3317
3304,9,3305
3304,13,3309
3304,16,3320
3304,20,3313
3305,4,3316
3305,8,3318
3305,12,3308
3305,17,3321
3305,21,3322
3306,2,3302
3306,6,3303
3306,10,3305
3306,14,3319
3306,19,3312
3307,3,3315
3307,7,3304
3307,11,3306
3307,15,3310
3307,18,3311
3308,2,3302
3308,6,3303
3308,10,3305
3308,14,3319
3308,19,3312
3309,3,3315
3309,7,3304
3309,11,3306
3309,15,3310
3309,18,3311
3310,1,3314
3310,5,3317
3310,9,3300
3310,13,3308
3310,16,3320
3310,20,3313
3311,4,3316
3311,8,3318
3311,12,3307
3311,17,3320
3311,21,3322
3312,1,3314
3312,5,3317
3312,9,3300
3312,13,3308
3312,16,3310
3312,20,3313
3313,4,3316
3313,8,3318
3313,12,3307
3313,17,3320
3313,21,3322
3314,2,3315
3314,6,3304
3314,10,3306
3314,14,3319
3314,19,3312
3315,3,3316
3315,7,3318
3315,11,3307
3315,15,3310
3315,18,3311
3316,2,3302
3316,6,3304
3316,10,3306
3316,14,3319
3316,19,3312
3317,3,3315
3317,7,3318
3317,11,3307
3317,15,3310
3317,18,3311
3318,1,3314
3318,5,3317
3318,9,3305
3318,13,3309
3318,16,3320
3318,20,3313
3319,4,3316
3319,8,3318
3319,12,3307
3319,17,3321
3319,21,3322
3320,2,3302
3320,6,3303
3320,10,3305
3320,14,3309
3320,19,3312
3321,3,3315
3321,7,3304
3321,11,3306
3321,15,3319
3321,18,3311
3322,1,3314
3322,5,3317
3322,9,3300
3322,13,3308
3322,16,3310
3322,20,3312
3504,3,3506
3505,2,3504
3600,3,3605
3600,7,3611
3603,1,3604
3603,5,3608
3603,9,3614
3604,4,3607
3604,8,3612
3605,1,3603
3605,5,3608
3605,9,3614
3607,2,3604
3607,6,3609
3607,10,3616
3608,4,3605
3608,8,3612
3609,1,3603
3609,5,3607
3609,9,3614
3611,2,3604
3611,6,3608
3611,10,3616
3612,3,3600
3612,7,3609
3614,4,3605
3614,8,3611
3616,2,3604
3616,6,3608
3616,10,3614
1100,1,1102
1100,5,1106
1100,9,1110
1102,2,1104
1102,6,1100
1102,10,1111
1103,3,1105
1103,7,1108
1104,2,1103
1104,6,1100
1104,10,1111
1105,3,1104
1105,7,1108
1106,1,1102
1106,5,1107
1106,9,1110
1107,4,1105
1107,8,1109
1108,1,1102
1108,5,1106
1108,9,1110
1109,4,1105
1109,8,1108
1110,2,1103
1110,6,1107
1110,10,1111
1111,3,1104
1111,7,1100
1200,2,1205
1200,6,1203
1200,10,1211
1202,1,1204
1202,5,1207
1202,9,1210
1203,4,1200
1203,8,1209
1203,12,1213
1204,1,1205
1204,5,1207
1204,9,1210
1205,4,1202
1205,8,1209
1205,12,1213
1206,2,1205
1206,6,1203
1206,10,1211
1207,3,1206
1207,7,1208
1207,11,1212
1208,1,1204
1208,5,1202
1208,9,1210
1209,4,1200
1209,8,1208
1209,12,1213
1210,2,1205
1210,6,1207
1210,10,1211
1211,3,1206
1211,7,1203
1211,11,1212
1212,2,1205
1212,6,1207
1212,10,1210
1213,3,1206
1213,7,1203
1213,11,1211
1302,4,1306
1302,8,1310
1302,12,1314
1303,1,1302
1303,5,1307
1303,9,1311
1303,13,1315
1304,3,1305
1304,7,1309
1304,11,1313
1305,2,1303
1305,6,1308
1305,10,1312
1306,4,1305
1306,8,1310
1306,12,1314
1307,1,1302
1307,5,1306
1307,9,1311
1307,13,1315
1308,4,1305
1308,8,1310
1308,12,1314
1309,1,1302
1309,5,1306
1309,9,1311
1309,13,1315
1310,3,1304
1310,7,1308
1310,11,1313
1311,2,1303
1311,6,1307
1311,10,1312
1312,1,1302
1312,5,1306
1312,9,1310
1312,13,1315
1313,4,1305
1313,8,1309
1313,12,1314
1314,2,1303
1314,6,1307
1314,10,1311
1315,3,1304
1315,7,1308
1315,11,1312
1402,3,1404
1402,7,1408
1403,2,1410
1403,6,1407
1404,3,1410
1404,7,1408
1405,2,1403
1405,6,1407
1406,4,1404
1406,8,1409
1407,1,1402
1407,5,1405
1408,4,1404
1408,8,1409
1409,1,1402
1409,5,1405
1410,3,1404
1410,7,1408
1502,1,1503
1502,5,1508
1503,4,1507
1504,3,1506
1506,4,1507
1507,1,1502
1507,5,1508
1508,4,1506
1602,4,1606
1603,1,1602
1603,5,1607
1604,4,1606
1605,1,1602
1605,5,1607
1606,3,1604
1607,2,1603
1702,3,1705
1702,7,1709
1703,2,1704
1703,6,1708
1703,10,1712
1704,4,1706
1704,8,1710
1705,1,1702
1705,5,1707
1705,9,1711
1706,3,1704
1706,7,1709
1707,2,1703
1707,6,1708
1707,10,1712
1708,3,1704
1708,7,1709
1709,2,1703
1709,6,1707
1709,10,1712
1710,4,1705
1710,8,1709
1711,1,1702
1711,5,1706
1711,9,1710
1712,4,1705
1712,8,1709
1800,2,1803
1802,1,1800
1804,1,1800
1902,1,1904
1902,5,1910
1904,1,1902
1904,5,1910
1906,2,1904
1906,6,1911
1907,3,1906
1907,7,1912
1908,2,1904
1908,6,1911
1910,1,1902
1910,5,1908
1911,4,1907
1912,2,1904
1912,6,1910
2003,2,2000
2100,2,2103
2102,1,2103
2103,4,2105
2104,2,2103
2105,3,2100
2200,3,2203
2200,7,2206
2200,11,2210
2200,15,2213
2202,4,2215
2202,8,2208
2202,12,2211
2203,1,2202
2203,5,2205
2203,9,2200
2203,13,2214
2204,4,2215
2204,8,2208
2204,12,2211
2205,1,2202
2205,5,2215
2205,9,2200
2205,13,2214
2206,3,2203
2206,7,2207
2206,11,2210
2206,15,2213
2207,2,2216
2207,6,2205
2207,10,2209
2207,14,2212
2208,1,2202
2208,5,2215
2208,9,2200
2208,13,2214
2209,4,2204
2209,8,2207
2209,12,2211
2210,2,2216
2210,6,2205
2210,10,2200
2210,14,2212
2211,3,2203
2211,7,2206
2211,11,2209
2211,15,2213
2212,2,2216
2212,6,2205
2212,10,2200
2212,14,2214
2213,3,2203
2213,7,2206
2213,11,2209
2213,15,2212
2214,1,2202
2214,5,2215
2214,9,2208
2214,13,2211
2215,4,2204
2215,8,2208
2215,12,2211
2216,2,2203
2216,6,2206
2216,10,2209
2216,14,2212
2302,4,2306
2302,8,2309
2303,1,2302
2303,5,2307
2303,9,2310
2304,3,2305
2304,7,2308
2305,2,2303
2305,6,2311
2305,10,2312
2306,4,2305
2306,8,2309
2307,1,2302
2307,5,2306
2307,9,2310
2308,4,2305
2308,8,2309
2309,1,2302
2309,5,2306
2309,9,2310
2310,3,2304
2310,7,2311
2311,2,2303
2311,6,2307
2311,10,2312
2312,4,2305
2312,8,2308
2402,3,2405
2403,2,2404
2404,3,2405
2405,2,2403
2406,4,2405
2500,2,2503
2500,6,2507
2502,1,2503
2502,5,2506
2503,4,2505
2504,2,2503
2504,6,2507
2505,3,2504
2505,7,2508
2506,1,2502
2506,5,2505
2507,4,2500
2508,1,2502
2508,5,2505
2602,4,2608
2602,8,2613
2604,4,2608
2604,8,2613
2605,1,2602
2605,5,2610
2605,9,2614
2607,2,2604
2607,6,2611
2608,3,2605
2608,7,2612
2610,4,2607
2610,8,2613
2611,1,2602
2611,5,2608
2611,9,2614
2612,4,2607
2612,8,2613
2613,1,2602
2613,5,2608
2613,9,2614
2614,3,2605
2614,7,2611
2702,2,2704
2702,6,2708
2702,10,2714
2702,14,2718
2702,19,2724
2702,23,2729
2702,27,2733
2702,31,2737
2702,32,2738
2702,36,2742
2702,40,2747
2703,3,2705
2703,7,2711
2703,11,2715
2703,15,2720
2703,18,2725
2703,22,2728
2703,26,2732
2703,30,2736
2703,33,2739
2703,37,2743
2703,41,2748
2704,2,2703
2704,6,2708
2704,10,2714
2704,14,2718
2704,19,2724
2704,23,2729
2704,27,2733
2704,31,2737
2704,32,2738
2704,36,2742
2704,40,2747
2705,3,2704
2705,7,2711
2705,11,2715
2705,15,2720
2705,18,2725
2705,22,2728
2705,26,2732
2705,30,2736
2705,33,2739
2705,37,2743
2705,41,2748
2706,1,2702
2706,5,2707
2706,9,2713
2706,13,2717
2706,16,2721
2706,20,2726
2706,24,2730
2706,28,2734
2706,35,2741
2706,39,2746
2707,4,2705
2707,8,2712
2707,12,2716
2707,17,2723
2707,21,2727
2707,25,2731
2707,29,2735
2707,34,2740
2707,38,2745
2708,1,2702
2708,5,2707
2708,9,2713
2708,13,2717
2708,16,2721
2708,20,2726
2708,24,2730
2708,28,2734
2708,35,2741
2708,39,2746
2711,3,2704
2711,7,2708
2711,11,2715
2711,15,2720
2711,18,2725
2711,22,2728
2711,26,2732
2711,30,2736
2711,33,2739
2711,37,2743
2711,41,2748
2712,1,2702
2712,5,2707
2712,9,2713
2712,13,2717
2712,16,2721
2712,20,2726
2712,24,2730
2712,28,2734
2712,35,2741
2712,39,2746
2713,4,2705
2713,8,2711
2713,12,2716
2713,17,2723
2713,21,2727
2713,25,2731
2713,29,2735
2713,34,2740
2713,38,2745
2714,2,2703
2714,6,2706
2714,10,2713
2714,14,2718
2714,19,2724
2714,23,2729
2714,27,2733
2714,31,2737
2714,32,2738
2714,36,2742
2714,40,2747
2715,3,2704
2715,7,2708
2715,11,2714
2715,15,2720
2715,18,2725
2715,22,2728
2715,26,2732
2715,30,2736
2715,33,2739
2715,37,2743
2715,41,2748
2716,2,2703
2716,6,2706
2716,10,2713
2716,14,2718
2716,19,2724
2716,23,2729
2716,27,2733
2716,31,2737
2716,32,2738
2716,36,2742
2716,40,2747
2717,3,2704
2717,7,2708
2717,11,2714
2717,15,2720
2717,18,2725
2717,22,2728
2717,26,2732
2717,30,2736
2717,33,2739
2717,37,2743
2717,41,2748
2718,1,2702
2718,5,2707
2718,9,2712
2718,13,2716
2718,16,2721
2718,20,2726
2718,24,2730
2718,28,2734
2718,35,2741
2718,39,2746
2720,3,2704
2720,7,2708
2720,11,2714
2720,15,2718
2720,18,2725
2720,22,2728
2720,26,2732
2720,30,2736
2720,33,2739
2720,37,2743
2720,41,2748
2721,2,2703
2721,6,2706
2721,10,2713
2721,14,2717
2721,19,2724
2721,23,2729
2721,27,2733
2721,31,2737
2721,32,2738
2721,36,2742
2721,40,2747
2723,1,2702
2723,5,2707
2723,9,2712
2723,13,2716
2723,16,2720
2723,20,2726
2723,24,2730
2723,28,2734
2723,35,2741
2723,39,2746
2724,4,2705
2724,8,2711
2724,12,2715
2724,17,2721
2724,21,2727
2724,25,2731
2724,29,2735
2724,34,2740
2724,38,2745
2725,1,2702
2725,5,2707
2725,9,2712
2725,13,2716
2725,16,2720
2725,20,2726
2725,24,2730
2725,28,2734
2725,35,2741
2725,39,2746
2726,3,2704
2726,7,2708
2726,11,2714
2726,15,2718
2726,18,2723
2726,22,2728
2726,26,2732
2726,30,2736
2726,33,2739
2726,37,2743
2726,41,2748
2727,2,2703
2727,6,2706
2727,10,2713
2727,14,2717
2727,19,2725
2727,23,2729
2727,27,2733
2727,31,2737
2727,32,2738
2727,36,2742
2727,40,2747
2728,4,2705
2728,8,2711
2728,12,2715
2728,17,2721
2728,21,2726
2728,25,2731
2728,29,2735
2728,34,2740
2728,38,2745
2729,1,2702
2729,5,2707
2729,9,2712
2729,13,2716
2729,16,2720
2729,20,2724
2729,24,2730
2729,28,2734
2729,35,2741
2729,39,2746
2730,3,2704
2730,7,2708
2730,11,2714
2730,15,2718
2730,18,2723
2730,22,2727
2730,26,2732
2730,30,2736
2730,33,2739
2730,37,2743
2730,41,2748
2731,2,2703
2731,6,2706
2731,10,2713
2731,14,2717
2731,19,2725
2731,23,2728
2731,27,2733
2731,31,2737
2731,32,2738
2731,36,2742
2731,40,2747
2732,3,2704
2732,7,2708
2732,11,2714
2732,15,2718
2732,18,2723
2732,22,2727
2732,26,2731
2732,30,2736
2732,33,2739
2732,37,2743
2732,41,2748
2733,2,2703
2733,6,2706
2733,10,2713
2733,14,2717
2733,19,2725
2733,23,2728
2733,27,2732
2733,31,2737
2733,32,2738
2733,36,2742
2733,40,2747
2734,4,2705
2734,8,2711
2734,12,2715
2734,17,2721
2734,21,2726
2734,25,2730
2734,29,2735
2734,34,2740
2734,38,2745
2735,1,2702
2735,5,2707
2735,9,2712
2735,13,2716
2735,16,2720
2735,20,2724
2735,24,2729
2735,28,2733
2735,35,2741
2735,39,2746
2736,4,2705
2736,8,2711
2736,12,2715
2736,17,2721
2736,21,2726
2736,25,2730
2736,29,2734
2736,34,2740
2736,38,2745
2737,1,2702
2737,5,2707
2737,9,2712
2737,13,2716
2737,16,2720
2737,20,2724
2737,24,2729
2737,28,2733
2737,35,2741
2737,39,2746
2738,3,2704
2738,7,2708
2738,11,2714
2738,15,2718
2738,18,2723
2738,22,2727
2738,26,2731
2738,30,2735
2738,33,2739
2738,37,2743
2738,41,2748
2739,2,2703
2739,6,2706
2739,10,2713
2739,14,2717
2739,19,2725
2739,23,2728
2739,27,2732
2739,31,2736
2739,32,2737
2739,36,2742
2739,40,2747
2740,3,2704
2740,7,2708
2740,11,2714
2740,15,2718
2740,18,2723
2740,22,2727
2740,26,2731
2740,30,2735
2740,33,2738
2740,37,2743
2740,41,2748
2741,2,2703
2741,6,2706
2741,10,2713
2741,14,2717
2741,19,2725
2741,23,2728
2741,27,2732
2741,31,2736
2741,32,2737
2741,36,2742
2741,40,2747
2742,4,2705
2742,8,2711
2742,12,2715
2742,17,2721
2742,21,2726
2742,25,2730
2742,29,2734
2742,34,2739
2742,38,2745
2743,1,2702
2743,5,2707
2743,9,2712
2743,13,2716
2743,16,2720
2743,20,2724
2743,24,2729
2743,28,2733
2743,35,2740
2743,39,2746
2745,2,2703
2745,6,2706
2745,10,2713
2745,14,2717
2745,19,2725
2745,23,2728
2745,27,2732
2745,31,2736
2745,32,2737
2745,36,2741
2745,40,2747
2746,4,2705
2746,8,2711
2746,12,2715
2746,17,2721
2746,21,2726
2746,25,2730
2746,29,2734
2746,34,2739
2746,38,2743
2747,1,2702
2747,5,2707
2747,9,2712
2747,13,2716
2747,16,2720
2747,20,2724
2747,24,2729
2747,28,2733
2747,35,2740
2747,39,2745
2748,4,2705
2748,8,2711
2748,12,2715
2748,17,2721
2748,21,2726
2748,25,2730
2748,29,2734
2748,34,2739
2748,38,2743
2802,2,2804
2802,6,2808
2803,3,2805
2803,7,2809
2804,2,2803
2804,6,2808
2805,3,2804
2805,7,2809
2806,1,2802
2806,5,2807
2807,4,2805
2808,2,2803
2808,6,2807
2809,3,2804
2809,7,2808
2911,1,2910
2916,1,2910
2922,2,2911
3002,3,3005
3003,2,3004
3004,3,3005
3005,2,3003
3102,4,3105
3103,1,3102
3103,5,3106
3104,2,3103
3104,6,3108
3105,3,3107
3105,7,3109
3106,1,3102
3106,5,3105
3107,4,3105
3108,1,3102
3108,5,3105
3109,4,3104
3200,3,3204
3202,4,3200
3203,1,3202
3203,5,3206
3204,4,3200
3205,1,3202
3205,5,3206
3206,3,3204
3207,2,3203
3207,6,3206
3300,3,3315
3300,7,3304
3300,11,3307
3300,15,3310
3300,18,3311
3302,4,3317
3302,8,3300
3302,12,3308
3302,17,3321
3302,21,3322
3303,1,3314
3303,5,3317
3303,9,3305
3303,13,3309
3303,16,3320
3303,20,3313
3304,3,3315
3304,7,3318
3304,11,3307
3304,15,3310
3304,18,3311
3305,2,3302
3305,6,3303
3305,10,3306
3305,14,3319
3305,19,3312
3306,4,3316
3306,8,3318
3306,12,3308
3306,17,3321
3306,21,3322
3307,1,3314
3307,5,3317
3307,9,3300
3307,13,3309
3307,16,3320
3307,20,3313
3308,4,3316
3308,8,3318
3308,12,3307
3308,17,3321
3308,21,3322
3309,1,3314
3309,5,3317
3309,9,3300
3309,13,3308
3309,16,3320
3309,20,3313
3310,3,3315
3310,7,3304
3310,11,3306
3310,15,3319
3310,18,3311
3311,2,3302
3311,6,3303
3311,10,3305
3311,14,3309
3311,19,3312
3312,3,3315
3312,7,3304
3312,11,3306
3312,15,3319
3312,18,3321
3313,2,3302
3313,6,3303
3313,10,3305
3313,14,3309
3313,19,3311
3314,4,3317
3314,8,3300
3314,12,3308
3314,17,3321
3314,21,3322
3315,1,3314
3315,5,3303
3315,9,3305
3315,13,3309
3315,16,3320
3315,20,3313
3316,4,3317
3316,8,3300
3316,12,3308
3316,17,3321
3316,21,3322
3317,1,3314
3317,5,3303
3317,9,3305
3317,13,3309
3317,16,3320
3317,20,3313
3318,3,3315
3318,7,3304
3318,11,3307
3318,15,3310
3318,18,3311
3319,2,3302
3319,6,3303
3319,10,3305
3319,14,3309
3319,19,3312
3320,4,3316
3320,8,3318
3320,12,3307
3320,17,3321
3320,21,3322
3321,1,3314
3321,5,3317
3321,9,3300
3321,13,3308
3321,16,3310
3321,20,3313
3322,3,3315
3322,7,3304
3322,11,3306
3322,15,3319
3322,18,3321
3500,2,3505
3504,1,3500
3506,2,3504
3600,1,3603
3600,5,3608
3600,9,3614
3603,3,3605
3603,7,3611
3604,2,3600
3604,6,3609
3604,10,3616
3605,3,3600
3605,7,3611
3607,4,3605
3607,8,3612
3608,2,3604
3608,6,3609
3608,10,3616
3609,3,3600
3609,7,3611
3611,4,3605
3611,8,3612
3612,1,3603
3612,5,3607
3612,9,3614
3614,2,3604
3614,6,3608
3614,10,3616
3616,4,3605
3616,8,3611
1100,4,1105
1100,8,1109
1102,3,1105
1102,7,1108
1103,2,1104
1103,6,1100
1103,10,1111
1104,3,1105
1104,7,1108
1105,2,1103
1105,6,1100
1105,10,1111
1106,4,1105
1106,8,1109
1107,1,1102
1107,5,1106
1107,9,1110
1108,4,1105
1108,8,1109
1109,1,1102
1109,5,1106
1109,9,1110
1110,3,1104
1110,7,1100
1111,2,1103
1111,6,1107
1111,10,1110
1200,3,1206
1200,7,1208
1200,11,1212
1202,4,1200
1202,8,1209
1202,12,1213
1203,1,1204
1203,5,1202
1203,9,1210
1204,4,1202
1204,8,1209
1204,12,1213
1205,1,1204
1205,5,1207
1205,9,1210
1206,3,1200
1206,7,1208
1206,11,1212
1207,2,1205
1207,6,1203
1207,10,1211
1208,4,1200
1208,8,1209
1208,12,1213
1209,1,1204
1209,5,1202
1209,9,1210
1210,3,1206
1210,7,1203
1210,11,1212
1211,2,1205
1211,6,1207
1211,10,1210
1212,3,1206
1212,7,1203
1212,11,1211
1213,2,1205
1213,6,1207
1213,10,1210
1302,1,1303
1302,5,1307
1302,9,1311
1302,13,1315
1303,4,1306
1303,8,1310
1303,12,1314
1304,2,1303
1304,6,1308
1304,10,1312
1305,3,1304
1305,7,1309
1305,11,1313
1306,1,1302
1306,5,1307
1306,9,1311
1306,13,1315
1307,4,1305
1307,8,1310
1307,12,1314
1308,1,1302
1308,5,1306
1308,9,1311
1308,13,1315
1309,4,1305
1309,8,1310
1309,12,1314
1310,2,1303
1310,6,1307
1310,10,1312
1311,3,1304
1311,7,1308
1311,11,1313
1312,4,1305
1312,8,1309
1312,12,1314
1313,1,1302
1313,5,1306
1313,9,1310
1313,13,1315
1314,3,1304
1314,7,1308
1314,11,1312
1315,2,1303
1315,6,1307
1315,10,1311
1402,2,1410
1402,6,1407
1403,3,1404
1403,7,1408
1404,2,1403
1404,6,1407
1405,3,1410
1405,7,1408
1406,1,1402
1406,5,1405
1407,4,1404
1407,8,1409
1408,1,1402
1408,5,1405
1409,4,1404
1409,8,1408
1410,2,1403
1410,6,1407
1502,4,1507
1503,1,1502
1503,5,1508
1504,2,1503
1506,1,1502
1506,5,1508
1507,4,1506
1508,1,1502
1508,5,1507
1602,1,1603
1602,5,1607
1603,4,1606
1604,1,1602
1604,5,1607
1605,4,1606
1606,2,1603
1607,3,1604
1702,2,1704
1702,6,1708
1702,10,1712
1703,3,1705
1703,7,1709
1704,1,1702
1704,5,1707
1704,9,1711
1705,4,1706
1705,8,1710
1706,2,1703
1706,6,1708
1706,10,1712
1707,3,1704
1707,7,1709
1708,2,1703
1708,6,1707
1708,10,1712
1709,3,1704
1709,7,1708
1710,1,1702
1710,5,1706
1710,9,1711
1711,4,1705
1711,8,1709
1712,1,1702
1712,5,1706
1712,9,1710
1800,3,1804
1803,1,1800
1902,4,1908
1904,4,1908
1906,3,1907
1906,7,1912
1907,2,1904
1907,6,1911
1908,3,1906
1908,7,1912
1910,4,1907
1911,1,1902
1911,5,1908
1912,3,1906
1912,7,1911
2000,1,2002
2002,2,2000
2100,3,2104
2102,4,2105
2103,1,2102
2104,3,2100
2105,2,2103
2200,2,2216
2200,6,2205
2200,10,2209
2200,14,2212
2202,1,2216
2202,5,2205
2202,9,2200
2202,13,2214
2203,4,2215
2203,8,2208
2203,12,2211
2204,1,2202
2204,5,2205
2204,9,2200
2204,13,2214
2205,4,2204
2205,8,2208
2205,12,2211
2206,2,2216
2206,6,2205
2206,10,2209
2206,14,2212
2207,3,2203
2207,7,2206
2207,11,2210
2207,15,2213
2208,4,2204
2208,8,2207
2208,12,2211
2209,1,2202
2209,5,2215
2209,9,2208
2209,13,2214
2210,3,2203
2210,7,2206
2210,11,2209
2210,15,2213
2211,2,2216
2211,6,2205
2211,10,2200
2211,14,2212
2212,3,2203
2212,7,2206
2212,11,2209
2212,15,2213
2213,2,2216
2213,6,2205
2213,10,2200
2213,14,2214
2214,4,2204
2214,8,2207
2214,12,2210
2215,1,2202
2215,5,2205
2215,9,2200
2215,13,2214
2216,3,2204
2216,7,2207
2216,11,2210
2216,15,2213
2302,1,2303
2302,5,2307
2302,9,2310
2303,4,2306
2303,8,2309
2304,2,2303
2304,6,2311
2304,10,2312
2305,3,2304
2305,7,2308
2306,1,2302
2306,5,2307
2306,9,2310
2307,4,2305
2307,8,2309
2308,1,2302
2308,5,2306
2308,9,2310
2309,4,2305
2309,8,2308
2310,2,2303
2310,6,2307
2310,10,2312
2311,3,2304
2311,7,2308
2312,1,2302
2312,5,2306
2312,9,2309
2402,2,2404
2403,3,2405
2404,2,2403
2405,3,2404
2406,1,2402
2500,3,2504
2500,7,2508
2502,4,2505
2503,1,2502
2503,5,2506
2504,3,2500
2504,7,2508
2505,2,2503
2505,6,2507
2506,4,2500
2507,1,2502
2507,5,2505
2508,4,2500
2602,1,2604
2602,5,2610
2602,9,2614
2604,1,2602
2604,5,2610
2604,9,2614
2605,4,2608
2605,8,2613
2607,3,2605
2607,7,2612
2608,2,2604
2608,6,2611
2610,1,2602
2610,5,2608
2610,9,2614
2611,4,2607
2611,8,2613
2612,1,2602
2612,5,2608
2612,9,2614
2613,4,2607
2613,8,2612
2614,2,2604
2614,6,2610
2702,3,2705
2702,7,2711
2702,11,2715
2702,15,2720
2702,18,2725
2702,22,2728
2702,26,2732
2702,30,2736
2702,33,2739
2702,37,2743
2702,41,2748
2703,2,2704
2703,6,2708
2703,10,2714
2703,14,2718
2703,19,2724
2703,23,2729
2703,27,2733
2703,31,2737
2703,32,2738
2703,36,2742
2703,40,2747
2704,3,2705
2704,7,2711
2704,11,2715
2704,15,2720
2704,18,2725
2704,22,2728
2704,26,2732
2704,30,2736
2704,33,2739
2704,37,2743
2704,41,2748
2705,2,2703
2705,6,2708
2705,10,2714
2705,14,2718
2705,19,2724
2705,23,2729
2705,27,2733
2705,31,2737
2705,32,2738
2705,36,2742
2705,40,2747
2706,4,2705
2706,8,2712
2706,12,2716
2706,17,2723
2706,21,2727
2706,25,2731
2706,29,2735
2706,34,2740
2706,38,2745
2707,1,2702
2707,5,2706
2707,9,2713
2707,13,2717
2707,16,2721
2707,20,2726
2707,24,2730
2707,28,2734
2707,35,2741
2707,39,2746
2708,4,2705
2708,8,2712
2708,12,2716
2708,17,2723
2708,21,2727
2708,25,2731
2708,29,2735
2708,34,2740
2708,38,2745
2711,2,2703
2711,6,2706
2711,10,2714
2711,14,2718
2711,19,2724
2711,23,2729
2711,27,2733
2711,31,2737
2711,32,2738
2711,36,2742
2711,40,2747
2712,4,2705
2712,8,2711
2712,12,2716
2712,17,2723
2712,21,2727
2712,25,2731
2712,29,2735
2712,34,2740
2712,38,2745
2713,1,2702
2713,5,2707
2713,9,2712
2713,13,2717
2713,16,2721
2713,20,2726
2713,24,2730
2713,28,2734
2713,35,2741
2713,39,2746
2714,3,2704
2714,7,2708
2714,11,2715
2714,15,2720
2714,18,2725
2714,22,2728
2714,26,2732
2714,30,2736
2714,33,2739
2714,37,2743
2714,41,2748
2715,2,2703
2715,6,2706
2715,10,2713
2715,14,2718
2715,19,2724
2715,23,2729
2715,27,2733
2715,31,2737
2715,32,2738
2715,36,2742
2715,40,2747
2716,3,2704
2716,7,2708
2716,11,2714
2716,15,2720
2716,18,2725
2716,22,2728
2716,26,2732
2716,30,2736
2716,33,2739
2716,37,2743
2716,41,2748
2717,2,2703
2717,6,2706
2717,10,2713
2717,14,2718
2717,19,2724
2717,23,2729
2717,27,2733
2717,31,2737
2717,32,2738
2717,36,2742
2717,40,2747
2718,4,2705
2718,8,2711
2718,12,2715
2718,17,2723
2718,21,2727
2718,25,2731
2718,29,2735
2718,34,2740
2718,38,2745
2720,2,2703
2720,6,2706
2720,10,2713
2720,14,2717
2720,19,2724
2720,23,2729
2720,27,2733
2720,31,2737
2720,32,2738
2720,36,2742
2720,40,2747
2721,3,2704
2721,7,2708
2721,11,2714
2721,15,2718
2721,18,2725
2721,22,2728
2721,26,2732
2721,30,2736
2721,33,2739
2721,37,2743
2721,41,2748
2723,4,2705
2723,8,2711
2723,12,2715
2723,17,2721
2723,21,2727
2723,25,2731
2723,29,2735
2723,34,2740
2723,38,2745
2724,1,2702
2724,5,2707
2724,9,2712
2724,13,2716
2724,16,2720
2724,20,2726
2724,24,2730
2724,28,2734
2724,35,2741
2724,39,2746
2725,4,2705
2725,8,2711
2725,12,2715
2725,17,2721
2725,21,2727
2725,25,2731
2725,29,2735
2725,34,2740
2725,38,2745
2726,2,2703
2726,6,2706
2726,10,2713
2726,14,2717
2726,19,2725
2726,23,2729
2726,27,2733
2726,31,2737
2726,32,2738
2726,36,2742
2726,40,2747
2727,3,2704
2727,7,2708
2727,11,2714
2727,15,2718
2727,18,2723
2727,22,2728
2727,26,2732
2727,30,2736
2727,33,2739
2727,37,2743
2727,41,2748
2728,1,2702
2728,5,2707
2728,9,2712
2728,13,2716
2728,16,2720
2728,20,2724
2728,24,2730
2728,28,2734
2728,35,2741
2728,39,2746
2729,4,2705
2729,8,2711
2729,12,2715
2729,17,2721
2729,21,2726
2729,25,2731
2729,29,2735
2729,34,2740
2729,38,2745
2730,2,2703
2730,6,2706
2730,10,2713
2730,14,2717
2730,19,2725
2730,23,2728
2730,27,2733
2730,31,2737
2730,32,2738
2730,36,2742
2730,40,2747
2731,3,2704
2731,7,2708
2731,11,2714
2731,15,2718
2731,18,2723
2731,22,2727
2731,26,2732
2731,30,2736
2731,33,2739
2731,37,2743
2731,41,2748
2732,2,2703
2732,6,2706
2732,10,2713
2732,14,2717
2732,19,2725
2732,23,2728
2732,27,2733
2732,31,2737
2732,32,2738
2732,36,2742
2732,40,2747
2733,3,2704
2733,7,2708
2733,11,2714
2733,15,2718
2733,18,2723
2733,22,2727
2733,26,2731
2733,30,2736
2733,33,2739
2733,37,2743
2733,41,2748
2734,1,2702
2734,5,2707
2734,9,2712
2734,13,2716
2734,16,2720
2734,20,2724
2734,24,2729
2734,28,2733
2734,35,2741
2734,39,2746
2735,4,2705
2735,8,2711
2735,12,2715
2735,17,2721
2735,21,2726
2735,25,2730
2735,29,2734
2735,34,2740
2735,38,2745
2736,1,2702
2736,5,2707
2736,9,2712
2736,13,2716
2736,16,2720
2736,20,2724
2736,24,2729
2736,28,2733
2736,35,2741
2736,39,2746
2737,4,2705
2737,8,2711
2737,12,2715
2737,17,2721
2737,21,2726
2737,25,2730
2737,29,2734
2737,34,2740
2737,38,2745
2738,2,2703
2738,6,2706
2738,10,2713
2738,14,2717
2738,19,2725
2738,23,2728
2738,27,2732
2738,31,2736
2738,32,2737
2738,36,2742
2738,40,2747
2739,3,2704
2739,7,2708
2739,11,2714
2739,15,2718
2739,18,2723
2739,22,2727
2739,26,2731
2739,30,2735
2739,33,2738
2739,37,2743
2739,41,2748
2740,2,2703
2740,6,2706
2740,10,2713
2740,14,2717
2740,19,2725
2740,23,2728
2740,27,2732
2740,31,2736
2740,32,2737
2740,36,2742
2740,40,2747
2741,3,2704
2741,7,2708
2741,11,2714
2741,15,2718
2741,18,2723
2741,22,2727
2741,26,2731
2741,30,2735
2741,33,2738
2741,37,2743
2741,41,2748
2742,1,2702
2742,5,2707
2742,9,2712
2742,13,2716
2742,16,2720
2742,20,2724
2742,24,2729
2742,28,2733
2742,35,2740
2742,39,2746
2743,4,2705
2743,8,2711
2743,12,2715
2743,17,2721
2743,21,2726
2743,25,2730
2743,29,2734
2743,34,2739
2743,38,2745
2745,3,2704
2745,7,2708
2745,11,2714
2745,15,2718
2745,18,2723
2745,22,2727
2745,26,2731
2745,30,2735
2745,33,2738
2745,37,2742
2745,41,2748
2746,1,2702
2746,5,2707
2746,9,2712
2746,13,2716
2746,16,2720
2746,20,2724
2746,24,2729
2746,28,2733
2746,35,2740
2746,39,2745
2747,4,2705
2747,8,2711
2747,12,2715
2747,17,2721
2747,21,2726
2747,25,2730
2747,29,2734
2747,34,2739
2747,38,2743
2748,1,2702
2748,5,2707
2748,9,2712
2748,13,2716
2748,16,2720
2748,20,2724
2748,24,2729
2748,28,2733
2748,35,2740
2748,39,2745
2802,3,2805
2802,7,2809
2803,2,2804
2803,6,2808
2804,3,2805
2804,7,2809
2805,2,2803
2805,6,2808
2806,4,2805
2807,1,2802
2807,5,2806
2808,3,2804
2808,7,2809
2809,2,2803
2809,6,2807
2910,1,2911
2922,3,2916
3002,2,3004
3003,3,3005
3004,2,3003
3005,3,3004
3102,1,3103
3102,5,3106
3103,4,3105
3104,3,3107
3104,7,3109
3105,2,3103
3105,6,3108
3106,4,3104
3107,1,3102
3107,5,3106
3108,4,3104
3109,1,3102
3109,5,3105
3200,2,3203
3200,6,3207
3202,1,3203
3202,5,3206
3203,4,3200
3204,1,3202
3204,5,3206
3205,4,3200
3206,2,3203
3206,6,3207
3207,3,3204
3300,2,3302
3300,6,3303
3300,10,3306
3300,14,3319
3300,19,3312
3302,1,3314
3302,5,3303
3302,9,3305
3302,13,3309
3302,16,3320
3302,20,3313
3303,4,3316
3303,8,3300
3303,12,3308
3303,17,3321
3303,21,3322
3304,2,3302
3304,6,3303
3304,10,3306
3304,14,3319
3304,19,3312
3305,3,3315
3305,7,3304
3305,11,3307
3305,15,3310
3305,18,3311
3306,1,3314
3306,5,3317
3306,9,3300
3306,13,3309
3306,16,3320
3306,20,3313
3307,4,3316
3307,8,3318
3307,12,3308
3307,17,3321
3307,21,3322
3308,1,3314
3308,5,3317
3308,9,3300
3308,13,3309
3308,16,3320
3308,20,3313
3309,4,3316
3309,8,3318
3309,12,3307
3309,17,3321
3309,21,3322
3310,2,3302
3310,6,3303
3310,10,3305
3310,14,3309
3310,19,3312
3311,3,3315
3311,7,3304
3311,11,3306
3311,15,3319
3311,18,3321
3312,2,3302
3312,6,3303
3312,10,3305
3312,14,3309
3312,19,3311
3313,3,3315
3313,7,3304
3313,11,3306
3313,15,3319
3313,18,3321
3314,1,3302
3314,5,3303
3314,9,3305
3314,13,3309
3314,16,3320
3314,20,3313
3315,4,3317
3315,8,3300
3315,12,3308
3315,17,3321
3315,21,3322
3316,1,3314
3316,5,3303
3316,9,3305
3316,13,3309
3316,16,3320
3316,20,3313
3317,4,3316
3317,8,3300
3317,12,3308
3317,17,3321
3317,21,3322
3318,2,3302
3318,6,3303
3318,10,3306
3318,14,3319
3318,19,3312
3319,3,3315
3319,7,3304
3319,11,3306
3319,15,3310
3319,18,3311
3320,1,3314
3320,5,3317
3320,9,3300
3320,13,3308
3320,16,3310
3320,20,3313
3321,4,3316
3321,8,3318
3321,12,3307
3321,17,3320
3321,21,3322
3322,2,3302
3322,6,3303
3322,10,3305
3322,14,3309
3322,19,3311
3500,3,3506
3505,1,3500
3506,3,3505
3600,4,3607
3600,8,3612
3603,2,3600
3603,6,3609
3603,10,3616
3604,3,3605
3604,7,3611
3605,2,3604
3605,6,3609
3605,10,3616
3607,1,3603
3607,5,3608
3607,9,3614
3608,3,3600
3608,7,3611
3609,2,3604
3609,6,3608
3609,10,3616
3611,1,3603
3611,5,3607
3611,9,3614
3612,4,3605
3612,8,3611
3614,3,3600
3614,7,3609
3616,1,3603
3616,5,3607
3616,9,3612
1100,2,1103
1100,6,1107
1100,10,1111
1102,1,1103
1102,5,1107
1102,9,1110
1103,4,1106
1103,8,1109
1104,1,1102
1104,5,1107
1104,9,1110
1105,4,1106
1105,8,1109
1106,2,1103
1106,6,1100
1106,10,1111
1107,3,1104
1107,7,1108
1108,2,1103
1108,6,1107
1108,10,1111
1109,3,1104
1109,7,1100
1110,1,1102
1110,5,1106
1110,9,1109
1111,4,1105
1111,8,1108
1200,1,1204
1200,5,1207
1200,9,1210
1202,2,1205
1202,6,1203
1202,10,1211
1203,3,1206
1203,7,1208
1203,11,1212
1204,2,1206
1204,6,1203
1204,10,1211
1205,3,1200
1205,7,1208
1205,11,1212
1206,1,1204
1206,5,1207
1206,9,1210
1207,4,1200
1207,8,1209
1207,12,1213
1208,2,1205
1208,6,1207
1208,10,1211
1209,3,1206
1209,7,1203
1209,11,1212
1210,1,1204
1210,5,1202
1210,9,1209
1211,4,1200
1211,8,1208
1211,12,1213
1212,1,1204
1212,5,1202
1212,9,1209
1213,4,1200
1213,8,1208
1213,12,1212
1302,3,1305
1302,7,1309
1302,11,1313
1303,2,1304
1303,6,1308
1303,10,1312
1304,4,1306
1304,8,1310
1304,12,1314
1305,1,1302
1305,5,1307
1305,9,1311
1305,13,1315
1306,3,1304
1306,7,1309
1306,11,1313
1307,2,1303
1307,6,1308
1307,10,1312
1308,3,1304
1308,7,1309
1308,11,1313
1309,2,1303
1309,6,1307
1309,10,1312
1310,4,1305
1310,8,1309
1310,12,1314
1311,1,1302
1311,5,1306
1311,9,1310
1311,13,1315
1312,2,1303
1312,6,1307
1312,10,1311
1313,3,1304
1313,7,1308
1313,11,1312
1314,1,1302
1314,5,1306
1314,9,1310
1314,13,1315
1315,4,1305
1315,8,1309
1315,12,1313
1402,4,1405
1402,8,1409
1403,1,1402
1403,5,1406
1404,4,1405
1404,8,1409
1405,1,1402
1405,5,1406
1406,3,1410
1406,7,1408
1407,2,1403
1407,6,1406
1408,3,1410
1408,7,1407
1409,2,1403
1409,6,1406
1410,4,1405
1410,8,1409
1502,2,1504
1503,3,1506
1504,4,1507
1506,3,1504
1507,2,1503
1508,3,1504
1602,3,1605
1603,2,1604
1604,3,1605
1605,2,1603
1606,4,1605
1607,1,1602
1607,5,1606
1702,4,1706
1702,8,1710
1703,1,1702
1703,5,1707
1703,9,1711
1704,3,1705
1704,7,1709
1705,2,1703
1705,6,1708
1705,10,1712
1706,4,1705
1706,8,1710
1707,1,1702
1707,5,1706
1707,9,1711
1708,4,1705
1708,8,1710
1709,1,1702
1709,5,1706
1709,9,1711
1710,3,1704
1710,7,1708
1711,2,1703
1711,6,1707
1711,10,1712
1712,3,1704
1712,7,1708
1800,1,1802
1802,2,1803
1803,3,1804
1804,2,1802
1902,2,1906
1902,6,1911
1904,2,1906
1904,6,1911
1906,1,1902
1906,5,1910
1907,4,1908
1908,1,1902
1908,5,1910
1910,2,1904
1910,6,1911
1911,3,1906
1911,7,1912
1912,1,1902
1912,5,1908
2003,1,2002
2100,1,2102
2102,2,2100
2103,3,2104
2104,1,2102
2105,4,2104
2200,4,2204
2200,8,2207
2200,12,2211
2202,3,2204
2202,7,2207
2202,11,2210
2202,15,2213
2203,2,2216
2203,6,2206
2203,10,2209
2203,14,2212
2204,3,2203
2204,7,2207
2204,11,2210
2204,15,2213
2205,2,2216
2205,6,2206
2205,10,2209
2205,14,2212
2206,4,2204
2206,8,2208
2206,12,2211
2207,1,2202
2207,5,2215
2207,9,2200
2207,13,2214
2208,2,2216
2208,6,2205
2208,10,2209
2208,14,2212
2209,3,2203
2209,7,2206
2209,11,2210
2209,15,2213
2210,1,2202
2210,5,2215
2210,9,2208
2210,13,2214
2211,4,2204
2211,8,2207
2211,12,2210
2212,1,2202
2212,5,2215
2212,9,2208
2212,13,2211
2213,4,2204
2213,8,2207
2213,12,2210
2214,2,2216
2214,6,2205
2214,10,2200
2214,14,2212
2215,3,2203
2215,7,2207
2215,11,2210
2215,15,2213
2216,1,2202
2216,5,2205
2216,9,2200
2216,13,2214
2302,3,2305
2302,7,2308
2303,2,2304
2303,6,2311
2303,10,2312
2304,4,2306
2304,8,2309
2305,1,2302
2305,5,2307
2305,9,2310
2306,3,2304
2306,7,2308
2307,2,2303
2307,6,2311
2307,10,2312
2308,3,2304
2308,7,2311
2309,2,2303
2309,6,2307
2309,10,2312
2310,4,2305
2310,8,2308
2311,1,2302
2311,5,2306
2311,9,2310
2312,3,2304
2312,7,2311
2402,4,2406
2403,1,2402
2404,4,2406
2405,1,2402
2406,3,2404
2500,1,2502
2500,5,2506
2502,2,2504
2502,6,2507
2503,3,2500
2503,7,2508
2504,1,2502
2504,5,2506
2505,4,2500
2506,2,2503
2506,6,2507
2507,3,2504
2507,7,2508
2508,2,2503
2508,6,2506
2602,3,2607
2602,7,2612
2604,3,2607
2604,7,2612
2605,2,2604
2605,6,2611
2607,1,2602
2607,5,2610
2607,9,2614
2608,4,2607
2608,8,2613
2610,3,2605
2610,7,2612
2611,2,2604
2611,6,2610
2612,3,2605
2612,7,2611
2613,2,2604
2613,6,2610
2614,4,2607
2614,8,2612
2702,1,2703
2702,5,2706
2702,9,2713
2702,13,2717
2702,16,2721
2702,20,2726
2702,24,2730
2702,28,2734
2702,35,2741
2702,39,2746
2703,4,2707
2703,8,2712
2703,12,2716
2703,17,2723
2703,21,2727
2703,25,2731
2703,29,2735
2703,34,2740
2703,38,2745
2704,1,2702
2704,5,2706
2704,9,2713
2704,13,2717
2704,16,2721
2704,20,2726
2704,24,2730
2704,28,2734
2704,35,2741
2704,39,2746
2705,4,2707
2705,8,2712
2705,12,2716
2705,17,2723
2705,21,2727
2705,25,2731
2705,29,2735
2705,34,2740
2705,38,2745
2706,2,2703
2706,6,2708
2706,10,2714
2706,14,2718
2706,19,2724
2706,23,2729
2706,27,2733
2706,31,2737
2706,32,2738
2706,36,2742
2706,40,2747
2707,3,2704
2707,7,2711
2707,11,2715
2707,15,2720
2707,18,2725
2707,22,2728
2707,26,2732
2707,30,2736
2707,33,2739
2707,37,2743
2707,41,2748
2708,2,2703
2708,6,2706
2708,10,2714
2708,14,2718
2708,19,2724
2708,23,2729
2708,27,2733
2708,31,2737
2708,32,2738
2708,36,2742
2708,40,2747
2711,4,2705
2711,8,2712
2711,12,2716
2711,17,2723
2711,21,2727
2711,25,2731
2711,29,2735
2711,34,2740
2711,38,2745
2712,2,2703
2712,6,2706
2712,10,2714
2712,14,2718
2712,19,2724
2712,23,2729
2712,27,2733
2712,31,2737
2712,32,2738
2712,36,2742
2712,40,2747
2713,3,2704
2713,7,2708
2713,11,2715
2713,15,2720
2713,18,2725
2713,22,2728
2713,26,2732
2713,30,2736
2713,33,2739
2713,37,2743
2713,41,2748
2714,1,2702
2714,5,2707
2714,9,2712
2714,13,2717
2714,16,2721
2714,20,2726
2714,24,2730
2714,28,2734
2714,35,2741
2714,39,2746
2715,4,2705
2715,8,2711
2715,12,2716
2715,17,2723
2715,21,2727
2715,25,2731
2715,29,2735
2715,34,2740
2715,38,2745
2716,1,2702
2716,5,2707
2716,9,2712
2716,13,2717
2716,16,2721
2716,20,2726
2716,24,2730
2716,28,2734
2716,35,2741
2716,39,2746
2717,4,2705
2717,8,2711
2717,12,2715
2717,17,2723
2717,21,2727
2717,25,2731
2717,29,2735
2717,34,2740
2717,38,2745
2718,2,2703
2718,6,2706
2718,10,2713
2718,14,2717
2718,19,2724
2718,23,2729
2718,27,2733
2718,31,2737
2718,32,2738
2718,36,2742
2718,40,2747
2720,4,2705
2720,8,2711
2720,12,2715
2720,17,2723
2720,21,2727
2720,25,2731
2720,29,2735
2720,34,2740
2720,38,2745
2721,1,2702
2721,5,2707
2721,9,2712
2721,13,2716
2721,16,2720
2721,20,2726
2721,24,2730
2721,28,2734
2721,35,2741
2721,39,2746
2723,2,2703
2723,6,2706
2723,10,2713
2723,14,2717
2723,19,2724
2723,23,2729
2723,27,2733
2723,31,2737
2723,32,2738
2723,36,2742
2723,40,2747
2724,3,2704
2724,7,2708
2724,11,2714
2724,15,2718
2724,18,2723
2724,22,2728
2724,26,2732
2724,30,2736
2724,33,2739
2724,37,2743
2724,41,2748
2725,2,2703
2725,6,2706
2725,10,2713
2725,14,2717
2725,19,2724
2725,23,2729
2725,27,2733
2725,31,2737
2725,32,2738
2725,36,2742
2725,40,2747
2726,4,2705
2726,8,2711
2726,12,2715
2726,17,2721
2726,21,2727
2726,25,2731
2726,29,2735
2726,34,2740
2726,38,2745
2727,1,2702
2727,5,2707
2727,9,2712
2727,13,2716
2727,16,2720
2727,20,2724
2727,24,2730
2727,28,2734
2727,35,2741
2727,39,2746
2728,3,2704
2728,7,2708
2728,11,2714
2728,15,2718
2728,18,2723
2728,22,2727
2728,26,2732
2728,30,2736
2728,33,2739
2728,37,2743
2728,41,2748
2729,2,2703
2729,6,2706
2729,10,2713
2729,14,2717
2729,19,2725
2729,23,2728
2729,27,2733
2729,31,2737
2729,32,2738
2729,36,2742
2729,40,2747
2730,4,2705
2730,8,2711
2730,12,2715
2730,17,2721
2730,21,2726
2730,25,2731
2730,29,2735
2730,34,2740
2730,38,2745
2731,1,2702
2731,5,2707
2731,9,2712
2731,13,2716
2731,16,2720
2731,20,2724
2731,24,2729
2731,28,2734
2731,35,2741
2731,39,2746
2732,4,2705
2732,8,2711
2732,12,2715
2732,17,2721
2732,21,2726
2732,25,2730
2732,29,2735
2732,34,2740
2732,38,2745
2733,1,2702
2733,5,2707
2733,9,2712
2733,13,2716
2733,16,2720
2733,20,2724
2733,24,2729
2733,28,2734
2733,35,2741
2733,39,2746
2734,3,2704
2734,7,2708
2734,11,2714
2734,15,2718
2734,18,2723
2734,22,2727
2734,26,2731
2734,30,2736
2734,33,2739
2734,37,2743
2734,41,2748
2735,2,2703
2735,6,2706
2735,10,2713
2735,14,2717
2735,19,2725
2735,23,2728
2735,27,2732
2735,31,2737
2735,32,2738
2735,36,2742
2735,40,2747
2736,3,2704
2736,7,2708
2736,11,2714
2736,15,2718
2736,18,2723
2736,22,2727
2736,26,2731
2736,30,2735
2736,33,2739
2736,37,2743
2736,41,2748
2737,2,2703
2737,6,2706
2737,10,2713
2737,14,2717
2737,19,2725
2737,23,2728
2737,27,2732
2737,31,2736
2737,32,2738
2737,36,2742
2737,40,2747
2738,4,2705
2738,8,2711
2738,12,2715
2738,17,2721
2738,21,2726
2738,25,2730
2738,29,2734
2738,34,2740
2738,38,2745
2739,1,2702
2739,5,2707
2739,9,2712
2739,13,2716
2739,16,2720
2739,20,2724
2739,24,2729
2739,28,2733
2739,35,2741
2739,39,2746
2740,4,2705
2740,8,2711
2740,12,2715
2740,17,2721
2740,21,2726
2740,25,2730
2740,29,2734
2740,34,2739
2740,38,2745
2741,1,2702
2741,5,2707
2741,9,2712
2741,13,2716
2741,16,2720
2741,20,2724
2741,24,2729
2741,28,2733
2741,35,2740
2741,39,2746
2742,3,2704
2742,7,2708
2742,11,2714
2742,15,2718
2742,18,2723
2742,22,2727
2742,26,2731
2742,30,2735
2742,33,2738
2742,37,2743
2742,41,2748
2743,2,2703
2743,6,2706
2743,10,2713
2743,14,2717
2743,19,2725
2743,23,2728
2743,27,2732
2743,31,2736
2743,32,2737
2743,36,2741
2743,40,2747
2745,1,2702
2745,5,2707
2745,9,2712
2745,13,2716
2745,16,2720
2745,20,2724
2745,24,2729
2745,28,2733
2745,35,2740
2745,39,2746
2746,3,2704
2746,7,2708
2746,11,2714
2746,15,2718
2746,18,2723
2746,22,2727
2746,26,2731
2746,30,2735
2746,33,2738
2746,37,2742
2746,41,2748
2747,2,2703
2747,6,2706
2747,10,2713
2747,14,2717
2747,19,2725
2747,23,2728
2747,27,2732
2747,31,2736
2747,32,2737
2747,36,2741
2747,40,2746
2748,3,2704
2748,7,2708
2748,11,2714
2748,15,2718
2748,18,2723
2748,22,2727
2748,26,2731
2748,30,2735
2748,33,2738
2748,37,2742
2748,41,2747
2802,1,2803
2802,5,2807
2803,4,2806
2804,1,2802
2804,5,2807
2805,4,2806
2806,2,2803
2806,6,2808
2807,3,2804
2807,7,2809
2808,1,2802
2808,5,2806
2809,4,2805
2910,3,2922
2911,2,2916
2916,2,2911
2922,1,2910
3003,1,3002
3005,1,3002
3102,3,3104
3102,7,3109
3103,2,3107
3103,6,3108
3104,1,3102
3104,5,3106
3105,4,3104
3106,2,3103
3106,6,3108
3107,3,3104
3107,7,3109
3108,2,3103
3108,6,3106
3109,3,3107
3109,7,3108
3200,4,3205
3202,3,3205
3203,2,3204
3203,6,3207
3204,3,3205
3205,2,3203
3205,6,3207
3206,4,3205
3207,1,3202
3207,5,3200
3300,4,3316
3300,8,3318
3300,12,3308
3300,17,3321
3300,21,3322
3302,3,3316
3302,7,3318
3302,11,3307
3302,15,3310
3302,18,3311
3303,2,3302
3303,6,3304
3303,10,3306
3303,14,3319
3303,19,3312
3304,4,3316
3304,8,3300
3304,12,3308
3304,17,3321
3304,21,3322
3305,1,3314
3305,5,3317
3305,9,3300
3305,13,3309
3305,16,3320
3305,20,3313
3306,3,3315
3306,7,3304
3306,11,3307
3306,15,3310
3306,18,3311
3307,2,3302
3307,6,3303
3307,10,3305
3307,14,3319
3307,19,3312
3308,3,3315
3308,7,3304
3308,11,3306
3308,15,3310
3308,18,3311
3309,2,3302
3309,6,3303
3309,10,3305
3309,14,3319
3309,19,3312
3310,4,3316
3310,8,3318
3310,12,3307
3310,17,3321
3310,21,3322
3311,1,3314
3311,5,3317
3311,9,3300
3311,13,3308
3311,16,3310
3311,20,3313
3312,4,3316
3312,8,3318
3312,12,3307
3312,17,3320
3312,21,3322
3313,1,3314
3313,5,3317
3313,9,3300
3313,13,3308
3313,16,3310
3313,20,3312
3314,3,3316
3314,7,3318
3314,11,3307
3314,15,3310
3314,18,3311
3315,2,3302
3315,6,3304
3315,10,3306
3315,14,3319
3315,19,3312
3316,3,3315
3316,7,3318
3316,11,3307
3316,15,3310
3316,18,3311
3317,2,3302
3317,6,3304
3317,10,3306
3317,14,3319
3317,19,3312
3318,4,3316
3318,8,3300
3318,12,3308
3318,17,3321
3318,21,3322
3319,1,3314
3319,5,3317
3319,9,3300
3319,13,3308
3319,16,3320
3319,20,3313
3320,3,3315
3320,7,3304
3320,11,3306
3320,15,3319
3320,18,3311
3321,2,3302
3321,6,3303
3321,10,3305
3321,14,3309
3321,19,3312
3322,4,3316
3322,8,3318
3322,12,3307
3322,17,3320
3322,21,3313
3402,1,3404
3404,1,3402
3500,1,3504
3504,2,3505
3505,3,3506
3506,1,3500
3600,2,3604
3600,6,3609
3600,10,3616
3603,4,3607
3603,8,3612
3604,1,3603
3604,5,3608
3604,9,3614
3605,4,3607
3605,8,3612
3607,3,3600
3607,7,3611
3608,1,3603
3608,5,3607
3608,9,3614
3609,4,3605
3609,8,3612
3611,3,3600
3611,7,3609
3612,2,3604
3612,6,3608
3612,10,3616
3614,1,3603
3614,5,3607
3614,9,3612
3616,3,3600
3616,7,3609
